2017-01-10 23:31:11, 26.0, 33.0, 989, 204.471742867
2017-01-10 23:32:29, 26.0, 31.0, 988, 204.641561444
2017-01-10 23:33:32, 26.0, 33.0, 988, 204.047208591
2017-01-10 23:34:37, 26.0, 32.0, 988, 204.726471775
2017-01-10 23:35:42, 26.0, 31.0, 988, 204.896294523
2017-01-10 23:36:45, 26.0, 32.0, 988, 204.726471775
2017-01-10 23:37:52, 26.0, 32.0, 988, 205.575613328
2017-01-10 23:38:55, 25.0, 31.0, 988, 205.066120053
2017-01-10 23:39:58, 26.0, 33.0, 988, 205.575613328
2017-01-10 23:41:00, 26.0, 33.0, 988, 206.509749353
2017-01-10 23:42:03, 26.0, 33.0, 988, 207.274105059
2017-01-10 23:43:11, 26.0, 32.0, 988, 206.849456044
2017-01-10 23:44:13, 27.0, 30.0, 988, 207.104243366
2017-01-10 23:45:16, 26.0, 34.0, 988, 206.679601308
2017-01-10 23:46:21, 25.0, 30.0, 988, 207.698771464
2017-01-10 23:47:26, 26.0, 34.0, 988, 207.443969534
2017-01-10 23:48:28, 26.0, 33.0, 988, 207.104243366
2017-01-10 23:49:34, 27.0, 34.0, 988, 208.208394108
2017-01-10 23:50:36, 25.0, 34.0, 988, 207.698771464
2017-01-10 23:51:39, 26.0, 44.0, 988, 208.038517111
2017-01-10 23:52:41, 26.0, 33.0, 988, 207.953579655
2017-01-10 23:53:44, 26.0, 33.0, 988, 208.123455262
2017-01-10 23:54:47, 25.0, 44.0, 988, 208.378273889
2017-01-10 23:55:49, 27.0, 32.0, 988, 208.208394108
2017-01-10 23:56:52, 27.0, 31.0, 988, 207.698771464
2017-01-10 23:57:57, 25.0, 31.0, 988, 209.057820844
2017-01-10 23:59:02, 27.0, 31.0, 988, 208.7180418
2017-01-11 00:00:05, 25.0, 31.0, 988, 208.802985517
2017-01-11 00:01:07, 27.0, 32.0, 988, 209.142767345
2017-01-11 00:02:10, 27.0, 32.0, 988, 209.99227063
2017-01-11 00:03:15, 25.0, 31.0, 988, 208.972875039
2017-01-11 00:04:17, 27.0, 31.0, 988, 209.397611023
2017-01-11 00:05:20, 25.0, 32.0, 988, 209.737412337
2017-01-11 00:06:23, 25.0, 32.0, 988, 209.737412337
2017-01-11 00:07:25, 27.0, 32.0, 988, 209.99227063
2017-01-11 00:08:30, 25.0, 31.0, 988, 209.652460965
2017-01-11 00:09:33, 25.0, 94.0, 988, 210.671923372
2017-01-11 00:10:38, 26.0, 33.0, 988, 210.756883097
2017-01-11 00:11:43, 26.0, 32.0, 988, 211.181692166
2017-01-11 00:12:46, 26.0, 31.0, 988, 211.351620666
2017-01-11 00:13:51, 27.0, 32.0, 988, 211.351620666
2017-01-11 00:14:53, 25.0, 31.0, 988, 210.926804636
2017-01-11 00:15:56, 26.0, 37.0, 988, 211.351620666
2017-01-11 00:16:59, 27.0, 32.0, 988, 211.351620666
2017-01-11 00:18:01, 26.0, 35.0, 988, 211.436585961
2017-01-11 00:19:07, 26.0, 41.0, 988, 211.606518639
2017-01-11 00:20:14, 27.0, 32.0, 988, 211.776454103
2017-01-11 00:21:17, 27.0, 33.0, 988, 212.201304946
2017-01-11 00:22:22, 28.0, 32.0, 987, 212.966080337
2017-01-11 00:23:25, 25.0, 31.0, 988, 212.711148939
2017-01-11 00:24:30, 27.0, 31.0, 987, 212.966080337
2017-01-11 00:25:33, 27.0, 32.0, 987, 214.410810005
2017-01-11 00:26:35, 27.0, 32.0, 987, 214.070855501
2017-01-11 00:27:38, 25.0, 31.0, 987, 214.750775656
2017-01-11 00:28:40, 25.0, 31.0, 987, 214.495800373
2017-01-11 00:29:43, 26.0, 32.0, 987, 215.090752455
2017-01-11 00:30:46, 27.0, 32.0, 987, 214.750775656
2017-01-11 00:31:48, 25.0, 32.0, 987, 214.325820334
2017-01-11 00:32:51, 25.0, 31.0, 987, 214.495800373
2017-01-11 00:33:53, 25.0, 32.0, 987, 215.175748397
2017-01-11 00:34:56, 27.0, 32.0, 987, 215.600738559
2017-01-11 00:35:59, 25.0, 32.0, 987, 215.430740403
2017-01-11 00:37:04, 27.0, 32.0, 987, 214.495800373
2017-01-11 00:38:09, 25.0, 30.0, 987, 216.365764753
2017-01-11 00:39:14, 27.0, 30.0, 987, 216.110749749
2017-01-11 00:40:17, 27.0, 32.0, 987, 215.940743231
2017-01-11 00:41:22, 25.0, 31.0, 987, 215.00575721
2017-01-11 00:42:24, 25.0, 31.0, 987, 215.00575721
2017-01-11 00:43:27, 27.0, 33.0, 987, 214.495800373
2017-01-11 00:44:30, 25.0, 32.0, 987, 215.00575721
2017-01-11 00:45:32, 27.0, 32.0, 987, 215.685738681
2017-01-11 00:46:40, 25.0, 31.0, 987, 215.090752455
2017-01-11 00:47:43, 26.0, 33.0, 987, 214.920762662
2017-01-11 00:48:45, 26.0, 33.0, 987, 215.090752455
2017-01-11 00:49:48, 27.0, 32.0, 987, 215.345742371
2017-01-11 00:50:50, 26.0, 33.0, 987, 215.685738681
2017-01-11 00:51:53, 26.0, 53.0, 987, 214.240831359
2017-01-11 00:52:56, 25.0, 34.0, 987, 214.495800373
2017-01-11 00:54:01, 27.0, 31.0, 987, 215.090752455
2017-01-11 00:55:03, 26.0, 33.0, 987, 215.515739133
2017-01-11 00:56:11, 25.0, 31.0, 987, 214.920762662
2017-01-11 00:57:16, 27.0, 58.0, 987, 215.940743231
2017-01-11 00:58:24, 25.0, 58.0, 987, 215.515739133
2017-01-11 00:59:29, 25.0, 32.0, 987, 215.515739133
2017-01-11 01:00:34, 25.0, 51.0, 987, 215.770739501
2017-01-11 01:01:39, 26.0, 32.0, 987, 215.260745036
2017-01-11 01:02:44, 26.0, 34.0, 987, 215.260745036
2017-01-11 01:03:50, 28.0, 37.0, 987, 214.665783198
2017-01-11 01:04:52, 27.0, 42.0, 987, 215.770739501
2017-01-11 01:05:55, 25.0, 32.0, 987, 215.855741018
2017-01-11 01:07:00, 26.0, 33.0, 987, 215.260745036
2017-01-11 01:08:05, 26.0, 94.0, 987, 214.835768811
2017-01-11 01:09:10, 26.0, 32.0, 987, 215.430740403
2017-01-11 01:10:13, 26.0, 35.0, 987, 215.770739501
2017-01-11 01:11:18, 25.0, 31.0, 987, 215.090752455
2017-01-11 01:12:24, 25.0, 33.0, 987, 214.665783198
2017-01-11 01:13:26, 25.0, 31.0, 987, 215.345742371
2017-01-11 01:14:29, 25.0, 33.0, 987, 214.240831359
2017-01-11 01:15:34, 26.0, 42.0, 987, 214.835768811
2017-01-11 01:16:39, 25.0, 49.0, 987, 214.580791437
2017-01-11 01:17:44, 26.0, 32.0, 987, 215.00575721
2017-01-11 01:18:47, 25.0, 39.0, 987, 215.175748397
2017-01-11 01:19:52, 26.0, 94.0, 987, 214.495800373
2017-01-11 01:20:55, 26.0, 32.0, 987, 214.580791437
2017-01-11 01:21:58, 26.0, 33.0, 987, 215.00575721
2017-01-11 01:23:03, 24.0, 35.0, 987, 214.325820334
2017-01-11 01:24:08, 26.0, 58.0, 987, 215.175748397
2017-01-11 01:25:11, 26.0, 55.0, 987, 215.090752455
2017-01-11 01:26:14, 25.0, 31.0, 987, 215.090752455
2017-01-11 01:27:16, 26.0, 33.0, 987, 215.260745036
2017-01-11 01:28:21, 26.0, 32.0, 987, 216.280759055
2017-01-11 01:29:24, 26.0, 33.0, 987, 214.750775656
2017-01-11 01:30:27, 26.0, 54.0, 987, 215.600738559
2017-01-11 01:31:29, 25.0, 60.0, 987, 215.345742371
2017-01-11 01:32:42, 27.0, 31.0, 987, 214.665783198
2017-01-11 01:33:45, 26.0, 32.0, 987, 215.600738559
2017-01-11 01:34:47, 26.0, 33.0, 987, 215.430740403
2017-01-11 01:35:50, 26.0, 33.0, 987, 216.025746142
2017-01-11 01:36:55, 26.0, 33.0, 987, 214.835768811
2017-01-11 01:37:57, 26.0, 33.0, 987, 214.920762662
2017-01-11 01:39:00, 25.0, 32.0, 987, 215.940743231
2017-01-11 01:40:03, 27.0, 32.0, 987, 216.705794516
2017-01-11 01:41:05, 26.0, 33.0, 987, 216.025746142
2017-01-11 01:42:10, 26.0, 32.0, 987, 216.280759055
2017-01-11 01:43:13, 26.0, 33.0, 987, 215.855741018
2017-01-11 01:44:16, 25.0, 32.0, 987, 216.110749749
2017-01-11 01:45:21, 26.0, 32.0, 987, 216.535778241
2017-01-11 01:46:23, 26.0, 33.0, 987, 216.450771148
2017-01-11 01:47:26, 25.0, 35.0, 987, 216.450771148
2017-01-11 01:48:29, 26.0, 32.0, 987, 217.130847404
2017-01-11 01:49:31, 26.0, 94.0, 987, 216.705794516
2017-01-11 01:50:34, 25.0, 31.0, 987, 216.280759055
2017-01-11 01:51:36, 25.0, 31.0, 987, 217.130847404
2017-01-11 01:52:42, 26.0, 32.0, 987, 216.450771148
2017-01-11 01:53:44, 25.0, 31.0, 987, 216.280759055
2017-01-11 01:54:47, 25.0, 32.0, 987, 216.450771148
2017-01-11 01:55:49, 25.0, 31.0, 987, 215.855741018
2017-01-11 01:56:52, 26.0, 33.0, 987, 216.535778241
2017-01-11 01:57:57, 26.0, 32.0, 987, 216.280759055
2017-01-11 01:59:02, 26.0, 32.0, 987, 215.600738559
2017-01-11 02:00:05, 25.0, 31.0, 987, 216.87581358
2017-01-11 02:01:07, 25.0, 31.0, 987, 215.770739501
2017-01-11 02:02:13, 26.0, 32.0, 987, 215.600738559
2017-01-11 02:03:15, 25.0, 32.0, 987, 215.855741018
2017-01-11 02:04:18, 25.0, 32.0, 987, 216.195754053
2017-01-11 02:05:20, 25.0, 32.0, 987, 216.535778241
2017-01-11 02:06:31, 26.0, 33.0, 987, 215.600738559
2017-01-11 02:07:33, 25.0, 53.0, 987, 216.280759055
2017-01-11 02:08:38, 26.0, 36.0, 987, 215.940743231
2017-01-11 02:09:41, 25.0, 31.0, 987, 215.770739501
2017-01-11 02:10:44, 27.0, 36.0, 987, 215.770739501
2017-01-11 02:11:51, 25.0, 33.0, 987, 216.110749749
2017-01-11 02:12:54, 25.0, 31.0, 987, 216.280759055
2017-01-11 02:13:57, 25.0, 31.0, 987, 216.7908037
2017-01-11 02:14:59, 26.0, 34.0, 987, 215.600738559
2017-01-11 02:16:02, 26.0, 33.0, 987, 216.280759055
2017-01-11 02:17:04, 26.0, 33.0, 987, 215.600738559
2017-01-11 02:18:10, 26.0, 32.0, 987, 216.280759055
2017-01-11 02:19:12, 25.0, 32.0, 987, 215.855741018
2017-01-11 02:20:15, 26.0, 33.0, 987, 215.770739501
2017-01-11 02:21:18, 25.0, 31.0, 987, 215.855741018
2017-01-11 02:22:21, 26.0, 33.0, 987, 216.025746142
2017-01-11 02:23:23, 26.0, 33.0, 987, 217.130847404
2017-01-11 02:24:31, 26.0, 32.0, 987, 216.7908037
2017-01-11 02:25:34, 26.0, 33.0, 987, 216.280759055
2017-01-11 02:26:36, 26.0, 33.0, 987, 216.280759055
2017-01-11 02:27:39, 26.0, 48.0, 987, 216.365764753
2017-01-11 02:28:41, 27.0, 32.0, 987, 216.365764753
2017-01-11 02:29:52, 26.0, 33.0, 987, 215.770739501
2017-01-11 02:30:54, 25.0, 31.0, 987, 216.535778241
2017-01-11 02:31:57, 26.0, 42.0, 987, 215.855741018
2017-01-11 02:33:02, 25.0, 31.0, 987, 216.110749749
2017-01-11 02:34:07, 25.0, 31.0, 987, 216.110749749
2017-01-11 02:35:10, 26.0, 33.0, 987, 217.130847404
2017-01-11 02:36:12, 26.0, 45.0, 987, 216.535778241
2017-01-11 02:37:15, 25.0, 32.0, 987, 216.110749749
2017-01-11 02:38:18, 25.0, 31.0, 987, 216.110749749
2017-01-11 02:39:23, 25.0, 31.0, 987, 216.280759055
2017-01-11 02:40:28, 26.0, 33.0, 987, 216.025746142
2017-01-11 02:41:30, 25.0, 32.0, 987, 215.855741018
2017-01-11 02:42:41, 26.0, 33.0, 987, 216.450771148
2017-01-11 02:43:43, 26.0, 33.0, 987, 215.260745036
2017-01-11 02:44:48, 26.0, 32.0, 987, 215.430740403
2017-01-11 02:45:51, 26.0, 33.0, 987, 215.855741018
2017-01-11 02:46:54, 26.0, 49.0, 987, 216.025746142
2017-01-11 02:47:56, 26.0, 33.0, 987, 216.110749749
2017-01-11 02:49:01, 26.0, 54.0, 987, 215.855741018
2017-01-11 02:50:04, 25.0, 32.0, 987, 215.175748397
2017-01-11 02:51:07, 26.0, 38.0, 987, 215.685738681
2017-01-11 02:52:12, 26.0, 32.0, 987, 216.110749749
2017-01-11 02:53:14, 25.0, 32.0, 987, 215.430740403
2017-01-11 02:54:17, 26.0, 33.0, 987, 215.345742371
2017-01-11 02:55:20, 25.0, 38.0, 987, 215.685738681
2017-01-11 02:56:25, 25.0, 32.0, 987, 215.685738681
2017-01-11 02:57:27, 25.0, 58.0, 987, 216.960824157
2017-01-11 02:58:45, 25.0, 31.0, 987, 215.430740403
2017-01-11 02:59:48, 25.0, 58.0, 987, 215.770739501
2017-01-11 03:00:50, 25.0, 58.0, 987, 215.600738559
2017-01-11 03:01:53, 25.0, 53.0, 987, 214.750775656
2017-01-11 03:02:56, 25.0, 52.0, 987, 214.750775656
2017-01-11 03:03:58, 25.0, 58.0, 987, 215.770739501
2017-01-11 03:05:06, 25.0, 31.0, 987, 214.410810005
2017-01-11 03:06:09, 26.0, 33.0, 987, 215.090752455
2017-01-11 03:07:16, 26.0, 33.0, 987, 215.430740403
2017-01-11 03:08:21, 26.0, 32.0, 987, 213.390979931
2017-01-11 03:09:24, 26.0, 33.0, 987, 214.325820334
2017-01-11 03:10:27, 25.0, 32.0, 987, 214.580791437
2017-01-11 03:11:37, 26.0, 33.0, 987, 214.240831359
2017-01-11 03:12:39, 26.0, 33.0, 987, 213.815896937
2017-01-11 03:13:42, 25.0, 32.0, 987, 214.070855501
2017-01-11 03:14:45, 26.0, 33.0, 987, 213.645928045
2017-01-11 03:15:52, 26.0, 34.0, 987, 213.475961939
2017-01-11 03:17:05, 26.0, 32.0, 987, 213.900882429
2017-01-11 03:18:08, 26.0, 33.0, 987, 214.325820334
2017-01-11 03:19:10, 25.0, 57.0, 987, 214.410810005
2017-01-11 03:20:13, 26.0, 33.0, 987, 213.985868616
2017-01-11 03:21:16, 26.0, 33.0, 987, 214.835768811
2017-01-11 03:22:19, 25.0, 31.0, 987, 214.835768811
2017-01-11 03:23:26, 25.0, 31.0, 987, 215.260745036
2017-01-11 03:24:29, 26.0, 55.0, 987, 214.750775656
2017-01-11 03:25:32, 26.0, 55.0, 987, 214.410810005
2017-01-11 03:26:37, 25.0, 31.0, 987, 214.410810005
2017-01-11 03:27:39, 26.0, 35.0, 987, 215.090752455
2017-01-11 03:28:42, 25.0, 47.0, 987, 214.920762662
2017-01-11 03:29:45, 25.0, 33.0, 987, 214.495800373
2017-01-11 03:30:50, 26.0, 60.0, 987, 214.750775656
2017-01-11 03:31:55, 25.0, 32.0, 987, 214.665783198
2017-01-11 03:32:58, 24.0, 32.0, 987, 214.410810005
2017-01-11 03:34:00, 23.0, 54.0, 987, 212.881102508
2017-01-11 03:35:03, 25.0, 33.0, 987, 212.881102508
2017-01-11 03:36:10, 23.0, 35.0, 987, 212.796125375
2017-01-11 03:37:13, 25.0, 33.0, 987, 213.560944644
2017-01-11 03:38:16, 25.0, 36.0, 987, 211.861422879
2017-01-11 03:39:18, 25.0, 34.0, 987, 212.541198156
2017-01-11 03:40:21, 28.0, 31.0, 988, 211.606518639
2017-01-11 03:41:24, 25.0, 36.0, 987, 212.03136252
2017-01-11 03:42:29, 25.0, 32.0, 987, 212.626173199
2017-01-11 03:43:31, 24.0, 34.0, 987, 212.371250158
2017-01-11 03:44:34, 25.0, 32.0, 987, 213.136038085
2017-01-11 03:45:37, 24.0, 34.0, 987, 212.966080337
2017-01-11 03:46:39, 25.0, 32.0, 987, 213.051058863
2017-01-11 03:47:42, 25.0, 34.0, 987, 213.390979931
2017-01-11 03:48:49, 25.0, 33.0, 987, 213.815896937
2017-01-11 03:49:52, 24.0, 34.0, 987, 213.560944644
2017-01-11 03:50:57, 25.0, 45.0, 987, 214.495800373
2017-01-11 03:52:00, 23.0, 32.0, 987, 213.136038085
2017-01-11 03:53:02, 25.0, 32.0, 987, 213.900882429
2017-01-11 03:54:05, 24.0, 33.0, 987, 215.00575721
2017-01-11 03:55:10, 23.0, 31.0, 987, 214.495800373
2017-01-11 03:56:13, 24.0, 33.0, 987, 214.070855501
2017-01-11 03:57:16, 23.0, 32.0, 987, 212.796125375
2017-01-11 03:58:23, 25.0, 32.0, 987, 213.900882429
2017-01-11 03:59:31, 25.0, 32.0, 987, 212.626173199
2017-01-11 04:00:36, 25.0, 33.0, 987, 213.475961939
2017-01-11 04:01:39, 25.0, 33.0, 987, 213.560944644
2017-01-11 04:02:41, 23.0, 32.0, 987, 212.711148939
2017-01-11 04:03:44, 24.0, 35.0, 987, 213.390979931
2017-01-11 04:04:46, 25.0, 33.0, 987, 213.645928045
2017-01-11 04:05:49, 24.0, 37.0, 987, 212.796125375
2017-01-11 04:06:52, 23.0, 34.0, 987, 212.626173199
2017-01-11 04:07:54, 27.0, 33.0, 988, 212.966080337
2017-01-11 04:08:57, 25.0, 42.0, 987, 212.626173199
2017-01-11 04:09:59, 25.0, 39.0, 988, 212.626173199
2017-01-11 04:11:02, 24.0, 35.0, 987, 213.051058863
2017-01-11 04:12:04, 25.0, 33.0, 988, 211.691486023
2017-01-11 04:13:07, 24.0, 35.0, 988, 211.606518639
2017-01-11 04:14:10, 25.0, 33.0, 988, 211.861422879
2017-01-11 04:15:12, 25.0, 32.0, 988, 211.861422879
2017-01-11 04:16:20, 25.0, 32.0, 988, 211.181692166
2017-01-11 04:17:23, 25.0, 33.0, 988, 211.691486023
2017-01-11 04:18:25, 25.0, 33.0, 988, 211.691486023
2017-01-11 04:19:28, 25.0, 32.0, 988, 211.181692166
2017-01-11 04:20:30, 21.0, 31.0, 988, 211.266656068
2017-01-11 04:21:41, 26.0, 54.0, 988, 210.841843519
2017-01-11 04:22:43, 24.0, 59.0, 988, 212.116333385
2017-01-11 04:23:47, 24.0, 95.0, 988, 211.521551952
2017-01-11 04:24:49, 23.0, 47.0, 988, 211.946392351
2017-01-11 04:25:59, 26.0, 34.0, 988, 211.266656068
2017-01-11 04:27:02, 25.0, 32.0, 988, 212.116333385
2017-01-11 04:28:05, 26.0, 56.0, 988, 211.521551952
2017-01-11 04:29:07, 24.0, 56.0, 988, 211.436585961
2017-01-11 04:30:12, 25.0, 49.0, 988, 212.03136252
2017-01-11 04:31:23, 25.0, 33.0, 988, 211.691486023
2017-01-11 04:32:25, 25.0, 37.0, 988, 211.436585961
2017-01-11 04:33:28, 27.0, 32.0, 988, 212.116333385
2017-01-11 04:34:30, 26.0, 36.0, 988, 211.776454103
2017-01-11 04:35:33, 25.0, 58.0, 988, 211.776454103
2017-01-11 04:36:41, 24.0, 37.0, 988, 210.841843519
2017-01-11 04:37:43, 25.0, 33.0, 988, 211.776454103
2017-01-11 04:38:48, 25.0, 31.0, 988, 211.691486023
2017-01-11 04:39:51, 24.0, 32.0, 988, 211.946392351
2017-01-11 04:40:54, 25.0, 33.0, 988, 211.691486023
2017-01-11 04:41:56, 25.0, 32.0, 988, 211.691486023
2017-01-11 04:42:59, 25.0, 31.0, 988, 212.286277204
2017-01-11 04:44:04, 25.0, 32.0, 988, 211.776454103
2017-01-11 04:45:09, 25.0, 32.0, 988, 212.116333385
2017-01-11 04:46:14, 25.0, 33.0, 988, 211.606518639
2017-01-11 04:47:17, 25.0, 32.0, 988, 211.776454103
2017-01-11 04:48:20, 24.0, 32.0, 988, 211.776454103
2017-01-11 04:49:22, 25.0, 66.0, 987, 212.03136252
2017-01-11 04:50:25, 24.0, 35.0, 988, 211.861422879
2017-01-11 04:51:30, 26.0, 55.0, 988, 211.776454103
2017-01-11 04:52:35, 26.0, 41.0, 987, 212.541198156
2017-01-11 04:53:38, 25.0, 38.0, 988, 211.606518639
2017-01-11 04:54:40, 25.0, 54.0, 988, 211.351620666
2017-01-11 04:55:43, 27.0, 32.0, 988, 212.03136252
2017-01-11 04:56:46, 25.0, 59.0, 988, 212.966080337
2017-01-11 04:57:48, 25.0, 58.0, 987, 211.861422879
2017-01-11 04:58:53, 25.0, 51.0, 988, 211.776454103
2017-01-11 04:59:56, 25.0, 32.0, 987, 212.541198156
2017-01-11 05:00:59, 26.0, 56.0, 988, 212.03136252
2017-01-11 05:02:01, 25.0, 60.0, 988, 212.371250158
2017-01-11 05:03:04, 25.0, 33.0, 987, 212.116333385
2017-01-11 05:04:06, 26.0, 57.0, 988, 211.776454103
2017-01-11 05:05:09, 25.0, 33.0, 988, 211.351620666
2017-01-11 05:06:17, 25.0, 55.0, 988, 212.116333385
2017-01-11 05:07:32, 25.0, 62.0, 988, 211.351620666
2017-01-11 05:08:42, 25.0, 57.0, 988, 212.286277204
2017-01-11 05:09:45, 25.0, 48.0, 988, 212.116333385
2017-01-11 05:10:47, 25.0, 55.0, 988, 212.456223809
2017-01-11 05:11:50, 25.0, 54.0, 988, 212.286277204
2017-01-11 05:12:55, 25.0, 59.0, 988, 211.436585961
2017-01-11 05:14:13, 26.0, 60.0, 988, 211.436585961
2017-01-11 05:15:16, 25.0, 62.0, 988, 212.201304946
2017-01-11 05:16:19, 25.0, 59.0, 988, 211.861422879
2017-01-11 05:17:32, 24.0, 48.0, 988, 211.181692166
2017-01-11 05:18:35, 26.0, 58.0, 988, 211.09672896
2017-01-11 05:19:38, 25.0, 39.0, 988, 210.417048373
2017-01-11 05:20:43, 26.0, 33.0, 988, 210.841843519
2017-01-11 05:21:46, 26.0, 34.0, 988, 210.926804636
2017-01-11 05:22:54, 25.0, 32.0, 988, 210.247135188
2017-01-11 05:23:56, 25.0, 58.0, 988, 211.776454103
2017-01-11 05:24:59, 25.0, 58.0, 988, 210.841843519
2017-01-11 05:26:04, 25.0, 59.0, 988, 211.09672896
2017-01-11 05:27:09, 26.0, 59.0, 988, 209.90731717
2017-01-11 05:28:12, 26.0, 58.0, 988, 210.162179639
2017-01-11 05:29:14, 25.0, 31.0, 988, 209.90731717
2017-01-11 05:30:20, 26.0, 62.0, 988, 209.90731717
2017-01-11 05:31:25, 25.0, 31.0, 988, 209.142767345
2017-01-11 05:32:32, 25.0, 31.0, 988, 209.567510288
2017-01-11 05:33:40, 25.0, 60.0, 988, 209.652460965
2017-01-11 05:34:43, 25.0, 64.0, 988, 208.972875039
2017-01-11 05:35:48, 25.0, 35.0, 988, 208.88792993
2017-01-11 05:36:50, 25.0, 32.0, 988, 208.463214823
2017-01-11 05:38:21, 26.0, 30.0, 988, 208.88792993
2017-01-11 05:39:24, 24.0, 31.0, 988, 209.652460965
2017-01-11 05:40:31, 24.0, 32.0, 988, 208.88792993
2017-01-11 05:41:44, 24.0, 33.0, 988, 209.142767345
2017-01-11 05:42:49, 24.0, 54.0, 988, 209.652460965
2017-01-11 05:43:52, 25.0, 33.0, 988, 209.822364405
2017-01-11 05:44:54, 25.0, 31.0, 988, 209.652460965
2017-01-11 05:45:59, 25.0, 33.0, 988, 209.227714542
2017-01-11 05:47:02, 25.0, 36.0, 988, 209.567510288
2017-01-11 05:48:05, 25.0, 53.0, 988, 209.142767345
2017-01-11 05:49:07, 25.0, 32.0, 988, 210.50200601
2017-01-11 05:50:10, 25.0, 33.0, 988, 208.972875039
2017-01-11 05:51:13, 25.0, 33.0, 988, 208.7180418
2017-01-11 05:52:15, 25.0, 33.0, 988, 209.397611023
2017-01-11 05:53:18, 25.0, 33.0, 988, 209.142767345
2017-01-11 05:54:20, 24.0, 32.0, 988, 208.548156453
2017-01-11 05:55:23, 25.0, 33.0, 988, 208.038517111
2017-01-11 05:56:26, 25.0, 33.0, 988, 208.88792993
2017-01-11 05:57:31, 24.0, 32.0, 988, 208.972875039
2017-01-11 05:58:33, 24.0, 32.0, 988, 208.548156453
2017-01-11 05:59:39, 24.0, 32.0, 988, 208.88792993
2017-01-11 06:00:44, 25.0, 32.0, 988, 208.972875039
2017-01-11 06:01:46, 25.0, 33.0, 988, 209.142767345
2017-01-11 06:02:49, 25.0, 35.0, 988, 209.567510288
2017-01-11 06:03:52, 25.0, 33.0, 988, 210.247135188
2017-01-11 06:04:54, 25.0, 33.0, 988, 209.397611023
2017-01-11 06:06:02, 25.0, 31.0, 988, 210.077224787
2017-01-11 06:07:05, 25.0, 33.0, 988, 210.247135188
2017-01-11 06:08:07, 25.0, 33.0, 988, 209.99227063
2017-01-11 06:09:12, 25.0, 38.0, 988, 210.671923372
2017-01-11 06:10:16, 25.0, 55.0, 988, 210.247135188
2017-01-11 06:11:21, 25.0, 32.0, 988, 210.162179639
2017-01-11 06:12:23, 25.0, 33.0, 988, 210.50200601
2017-01-11 06:13:26, 24.0, 32.0, 988, 210.162179639
2017-01-11 06:14:28, 25.0, 32.0, 988, 210.756883097
2017-01-11 06:15:31, 24.0, 32.0, 988, 210.926804636
2017-01-11 06:16:34, 25.0, 33.0, 988, 210.926804636
2017-01-11 06:17:39, 25.0, 31.0, 988, 210.841843519
2017-01-11 06:18:42, 24.0, 32.0, 988, 210.841843519
2017-01-11 06:19:45, 24.0, 32.0, 988, 210.671923372
2017-01-11 06:20:48, 26.0, 33.0, 988, 211.09672896
2017-01-11 06:21:51, 24.0, 32.0, 988, 211.606518639
2017-01-11 06:22:53, 25.0, 31.0, 988, 210.332091432
2017-01-11 06:23:56, 25.0, 33.0, 988, 210.756883097
2017-01-11 06:24:59, 24.0, 33.0, 988, 210.586964343
2017-01-11 06:26:06, 25.0, 31.0, 988, 210.332091432
2017-01-11 06:27:13, 25.0, 41.0, 988, 210.162179639
2017-01-11 06:28:16, 25.0, 33.0, 988, 210.162179639
2017-01-11 06:29:18, 26.0, 94.0, 988, 209.652460965
2017-01-11 06:30:21, 24.0, 39.0, 988, 209.567510288
2017-01-11 06:31:24, 24.0, 32.0, 988, 210.50200601
2017-01-11 06:32:31, 25.0, 32.0, 988, 209.567510288
2017-01-11 06:33:34, 25.0, 32.0, 988, 209.822364405
2017-01-11 06:34:36, 0.0, 0.0, 988, 210.162179639
2017-01-11 06:35:39, 27.0, 93.0, 988, 209.227714542
2017-01-11 06:36:47, 25.0, 36.0, 988, 209.312662435
2017-01-11 06:37:49, 26.0, 33.0, 988, 209.737412337
2017-01-11 06:38:52, 24.0, 32.0, 988, 210.162179639
2017-01-11 06:40:02, 26.0, 33.0, 988, 209.567510288
2017-01-11 06:41:05, 26.0, 51.0, 988, 209.822364405
2017-01-11 06:42:07, 25.0, 35.0, 988, 209.90731717
2017-01-11 06:43:10, 26.0, 33.0, 988, 209.822364405
2017-01-11 06:44:18, 27.0, 31.0, 988, 208.633098778
2017-01-11 06:45:20, 26.0, 34.0, 988, 209.567510288
2017-01-11 06:46:25, 26.0, 56.0, 988, 208.88792993
2017-01-11 06:47:31, 26.0, 32.0, 988, 208.633098778
2017-01-11 06:48:36, 26.0, 32.0, 988, 209.737412337
2017-01-11 06:49:38, 26.0, 33.0, 988, 208.123455262
2017-01-11 06:50:41, 25.0, 33.0, 988, 208.378273889
2017-01-11 06:51:44, 25.0, 33.0, 988, 207.783706832
2017-01-11 06:52:46, 26.0, 33.0, 988, 207.953579655
2017-01-11 06:53:49, 26.0, 53.0, 988, 207.104243366
2017-01-11 06:54:51, 27.0, 33.0, 988, 207.783706832
2017-01-11 06:55:57, 25.0, 58.0, 988, 207.274105059
2017-01-11 06:56:59, 26.0, 56.0, 988, 206.33990018
2017-01-11 06:58:02, 25.0, 32.0, 988, 207.274105059
2017-01-11 06:59:04, 25.0, 50.0, 988, 207.189173865
2017-01-11 07:00:07, 25.0, 56.0, 988, 206.849456044
2017-01-11 07:01:25, 24.0, 59.0, 988, 206.085131637
2017-01-11 07:02:27, 25.0, 60.0, 988, 206.33990018
2017-01-11 07:03:33, 25.0, 59.0, 988, 206.33990018
2017-01-11 07:04:35, 25.0, 36.0, 988, 206.33990018
2017-01-11 07:05:43, 26.0, 31.0, 988, 205.235948363
2017-01-11 07:06:45, 26.0, 33.0, 988, 204.98120694
2017-01-11 07:07:56, 25.0, 55.0, 988, 205.405779455
2017-01-11 07:08:58, 26.0, 69.0, 988, 205.320863562
2017-01-11 07:10:03, 25.0, 58.0, 988, 206.000210181
2017-01-11 07:11:09, 26.0, 32.0, 988, 205.320863562
2017-01-11 07:12:11, 26.0, 33.0, 988, 204.98120694
2017-01-11 07:13:14, 26.0, 32.0, 988, 205.405779455
2017-01-11 07:14:16, 26.0, 33.0, 988, 205.575613328
2017-01-11 07:15:32, 26.0, 94.0, 988, 205.660531308
2017-01-11 07:16:37, 26.0, 56.0, 988, 205.235948363
2017-01-11 07:17:39, 29.0, 54.0, 988, 204.98120694
2017-01-11 07:18:45, 25.0, 33.0, 988, 204.471742867
2017-01-11 07:19:47, 26.0, 32.0, 988, 204.896294523
2017-01-11 07:20:52, 25.0, 55.0, 988, 204.471742867
2017-01-11 07:21:56, 25.0, 31.0, 988, 204.641561444
2017-01-11 07:22:59, 26.0, 33.0, 989, 203.367989895
2017-01-11 07:24:01, 25.0, 31.0, 989, 204.047208591
2017-01-11 07:25:04, 25.0, 32.0, 989, 204.386834621
2017-01-11 07:26:09, 25.0, 36.0, 989, 204.132114055
2017-01-11 07:27:12, 25.0, 32.0, 989, 204.132114055
2017-01-11 07:28:14, 26.0, 33.0, 989, 203.198192172
2017-01-11 07:29:22, 26.0, 32.0, 989, 202.9435008
2017-01-11 07:30:25, 25.0, 32.0, 989, 202.603922033
2017-01-11 07:31:27, 26.0, 33.0, 989, 203.962303821
2017-01-11 07:32:30, 24.0, 33.0, 989, 203.707593682
2017-01-11 07:33:32, 25.0, 58.0, 989, 203.283090686
2017-01-11 07:34:45, 25.0, 32.0, 989, 202.17946421
2017-01-11 07:35:50, 25.0, 35.0, 989, 202.519029079
2017-01-11 07:36:53, 26.0, 35.0, 989, 201.83991046
2017-01-11 07:37:55, 25.0, 54.0, 989, 202.17946421
2017-01-11 07:38:58, 26.0, 59.0, 989, 202.264354385
2017-01-11 07:40:01, 25.0, 61.0, 989, 201.755023759
2017-01-11 07:41:03, 25.0, 59.0, 989, 201.585252442
2017-01-11 07:42:06, 26.0, 33.0, 989, 202.519029079
2017-01-11 07:43:09, 25.0, 58.0, 989, 201.83991046
2017-01-11 07:44:11, 25.0, 58.0, 989, 202.09457473
2017-01-11 07:45:14, 25.0, 56.0, 989, 202.009685945
2017-01-11 07:46:19, 25.0, 61.0, 989, 201.415483905
2017-01-11 07:47:22, 26.0, 33.0, 989, 202.264354385
2017-01-11 07:48:24, 25.0, 58.0, 989, 202.009685945
2017-01-11 07:49:27, 25.0, 57.0, 989, 202.264354385
2017-01-11 07:50:29, 25.0, 57.0, 989, 202.264354385
2017-01-11 07:51:32, 25.0, 53.0, 989, 202.09457473
2017-01-11 07:52:35, 25.0, 60.0, 989, 202.9435008
2017-01-11 07:53:37, 25.0, 60.0, 989, 202.9435008
2017-01-11 07:54:40, 25.0, 53.0, 989, 202.264354385
2017-01-11 07:55:47, 25.0, 31.0, 989, 201.500367826
2017-01-11 07:56:50, 25.0, 58.0, 989, 201.245718146
2017-01-11 07:57:53, 26.0, 33.0, 989, 203.283090686
2017-01-11 07:58:55, 25.0, 46.0, 989, 202.773710026
2017-01-11 07:59:58, 25.0, 32.0, 989, 202.773710026
2017-01-11 08:01:00, 26.0, 33.0, 989, 201.670137753
2017-01-11 08:02:03, 26.0, 58.0, 989, 202.519029079
2017-01-11 08:03:06, 25.0, 32.0, 989, 202.009685945
2017-01-11 08:04:08, 27.0, 32.0, 989, 202.264354385
2017-01-11 08:05:11, 27.0, 58.0, 989, 202.264354385
2017-01-11 08:06:19, 26.0, 32.0, 989, 202.858605065
2017-01-11 08:07:21, 26.0, 34.0, 989, 202.009685945
2017-01-11 08:08:26, 26.0, 33.0, 989, 202.603922033
2017-01-11 08:09:29, 25.0, 55.0, 989, 202.434136819
2017-01-11 08:10:44, 25.0, 60.0, 989, 201.755023759
2017-01-11 08:11:49, 26.0, 34.0, 989, 200.396931034
2017-01-11 08:12:52, 25.0, 55.0, 989, 201.500367826
2017-01-11 08:13:57, 27.0, 31.0, 989, 201.585252442
2017-01-11 08:15:00, 25.0, 32.0, 989, 201.330600678
2017-01-11 08:16:02, 27.0, 31.0, 989, 201.415483905
2017-01-11 08:17:05, 27.0, 32.0, 989, 201.415483905
2017-01-11 08:18:10, 27.0, 47.0, 989, 200.396931034
2017-01-11 08:19:13, 28.0, 56.0, 989, 201.075955166
2017-01-11 08:20:15, 25.0, 57.0, 989, 200.991074718
2017-01-11 08:21:23, 27.0, 61.0, 989, 200.057435638
2017-01-11 08:22:26, 25.0, 54.0, 989, 200.142308445
2017-01-11 08:23:28, 27.0, 32.0, 989, 200.481806619
2017-01-11 08:24:31, 26.0, 33.0, 989, 200.312056143
2017-01-11 08:25:33, 26.0, 33.0, 989, 200.312056143
2017-01-11 08:26:46, 27.0, 32.0, 989, 200.142308445
2017-01-11 08:27:49, 25.0, 32.0, 989, 199.887692108
2017-01-11 08:28:54, 27.0, 32.0, 989, 199.463345435
2017-01-11 08:29:57, 27.0, 40.0, 989, 199.802821384
2017-01-11 08:31:04, 27.0, 31.0, 989, 199.548213381
2017-01-11 08:32:07, 27.0, 32.0, 989, 199.887692108
2017-01-11 08:33:09, 25.0, 32.0, 989, 199.802821384
2017-01-11 08:34:12, 26.0, 32.0, 989, 199.802821384
2017-01-11 08:35:17, 27.0, 54.0, 989, 199.548213381
2017-01-11 08:36:20, 25.0, 32.0, 989, 200.906194965
2017-01-11 08:37:22, 26.0, 33.0, 989, 200.651559874
2017-01-11 08:38:28, 27.0, 32.0, 989, 199.972563526
2017-01-11 08:39:33, 28.0, 46.0, 989, 200.396931034
2017-01-11 08:40:35, 27.0, 43.0, 989, 199.548213381
2017-01-11 08:41:40, 28.0, 51.0, 989, 200.227181947
2017-01-11 08:42:48, 28.0, 32.0, 989, 199.633082021
2017-01-11 08:43:53, 26.0, 94.0, 989, 200.142308445
2017-01-11 08:44:56, 28.0, 40.0, 989, 199.887692108
2017-01-11 08:46:01, 28.0, 31.0, 989, 200.142308445
2017-01-11 08:47:11, 29.0, 34.0, 989, 200.057435638
2017-01-11 08:48:19, 27.0, 30.0, 989, 201.160836309
2017-01-11 08:49:21, 27.0, 30.0, 989, 200.396931034
2017-01-11 08:50:24, 28.0, 32.0, 989, 200.057435638
2017-01-11 08:51:29, 28.0, 32.0, 989, 200.396931034
2017-01-11 08:52:32, 28.0, 32.0, 989, 200.227181947
2017-01-11 08:53:39, 28.0, 93.0, 989, 200.481806619
2017-01-11 08:55:00, 28.0, 32.0, 989, 200.736437543
2017-01-11 08:56:05, 27.0, 30.0, 989, 200.227181947
2017-01-11 08:57:10, 28.0, 32.0, 989, 199.802821384
2017-01-11 08:58:13, 28.0, 39.0, 989, 199.802821384
2017-01-11 08:59:15, 28.0, 45.0, 989, 199.802821384
2017-01-11 09:00:26, 29.0, 49.0, 989, 199.463345435
2017-01-11 09:01:28, 29.0, 56.0, 989, 199.972563526
2017-01-11 09:02:33, 28.0, 55.0, 989, 200.227181947
2017-01-11 09:03:41, 27.0, 31.0, 989, 200.396931034
2017-01-11 09:04:44, 28.0, 57.0, 989, 199.548213381
2017-01-11 09:05:46, 28.0, 34.0, 989, 200.651559874
2017-01-11 09:06:49, 27.0, 30.0, 989, 199.208745766
2017-01-11 09:07:51, 28.0, 55.0, 989, 199.972563526
2017-01-11 09:08:54, 27.0, 55.0, 989, 200.142308445
2017-01-11 09:09:57, 29.0, 31.0, 989, 199.463345435
2017-01-11 09:10:59, 28.0, 93.0, 989, 199.293611628
2017-01-11 09:12:05, 27.0, 93.0, 989, 199.717951355
2017-01-11 09:13:07, 28.0, 48.0, 989, 199.378478184
2017-01-11 09:14:10, 27.0, 31.0, 989, 200.396931034
2017-01-11 09:15:17, 28.0, 32.0, 989, 199.039016125
2017-01-11 09:16:23, 28.0, 32.0, 989, 198.784426871
2017-01-11 09:17:25, 27.0, 31.0, 989, 199.208745766
2017-01-11 09:18:28, 27.0, 32.0, 989, 197.935841156
2017-01-11 09:19:33, 28.0, 31.0, 989, 198.614704173
2017-01-11 09:20:38, 28.0, 46.0, 989, 198.105552745
2017-01-11 09:21:41, 27.0, 31.0, 989, 198.360125335
2017-01-11 09:22:46, 28.0, 31.0, 989, 199.123880598
2017-01-11 09:23:51, 29.0, 30.0, 989, 198.105552745
2017-01-11 09:24:54, 30.0, 52.0, 989, 198.190409581
2017-01-11 09:25:56, 28.0, 40.0, 989, 198.020696603
2017-01-11 09:26:59, 27.0, 30.0, 989, 198.614704173
2017-01-11 09:28:02, 27.0, 31.0, 989, 198.275267111
2017-01-11 09:29:04, 27.0, 31.0, 989, 198.954152346
2017-01-11 09:30:07, 29.0, 92.0, 989, 199.293611628
2017-01-11 09:31:12, 28.0, 32.0, 989, 198.614704173
2017-01-11 09:32:15, 29.0, 31.0, 989, 198.869289261
2017-01-11 09:33:17, 29.0, 92.0, 989, 199.378478184
2017-01-11 09:34:20, 28.0, 48.0, 989, 200.142308445
2017-01-11 09:35:23, 28.0, 32.0, 989, 199.887692108
2017-01-11 09:36:28, 29.0, 32.0, 989, 198.954152346
2017-01-11 09:37:30, 28.0, 56.0, 989, 198.784426871
2017-01-11 09:38:33, 28.0, 50.0, 989, 199.717951355
2017-01-11 09:39:36, 29.0, 56.0, 989, 199.633082021
2017-01-11 09:40:38, 27.0, 56.0, 989, 199.548213381
2017-01-11 09:41:41, 28.0, 55.0, 989, 199.717951355
2017-01-11 09:42:44, 29.0, 30.0, 989, 201.330600678
2017-01-11 09:43:49, 29.0, 30.0, 989, 201.075955166
2017-01-11 09:44:51, 29.0, 32.0, 989, 200.481806619
2017-01-11 09:45:56, 29.0, 30.0, 989, 199.548213381
2017-01-11 09:47:02, 32.0, 31.0, 989, 199.972563526
2017-01-11 09:48:04, 31.0, 51.0, 989, 200.481806619
2017-01-11 09:49:12, 30.0, 92.0, 989, 200.396931034
2017-01-11 09:50:14, 28.0, 30.0, 989, 201.075955166
2017-01-11 09:51:17, 29.0, 92.0, 989, 200.481806619
2017-01-11 09:52:20, 30.0, 35.0, 989, 201.670137753
2017-01-11 09:53:22, 29.0, 30.0, 989, 201.585252442
2017-01-11 09:54:25, 30.0, 31.0, 989, 201.755023759
2017-01-11 09:55:28, 30.0, 31.0, 989, 201.500367826
2017-01-11 09:56:30, 30.0, 32.0, 989, 202.17946421
2017-01-11 09:57:33, 30.0, 34.0, 989, 201.755023759
2017-01-11 09:58:35, 30.0, 31.0, 989, 202.434136819
2017-01-11 09:59:40, 30.0, 92.0, 989, 202.009685945
2017-01-11 10:00:43, 30.0, 31.0, 989, 201.670137753
2017-01-11 10:01:48, 31.0, 30.0, 989, 202.009685945
2017-01-11 10:02:53, 30.0, 46.0, 989, 202.519029079
2017-01-11 10:03:56, 31.0, 30.0, 989, 202.519029079
2017-01-11 10:05:06, 31.0, 29.0, 989, 202.264354385
2017-01-11 10:06:09, 29.0, 29.0, 989, 202.009685945
2017-01-11 10:07:11, 30.0, 31.0, 989, 203.113294353
2017-01-11 10:08:16, 29.0, 29.0, 989, 202.688815682
2017-01-11 10:09:19, 29.0, 33.0, 989, 202.688815682
2017-01-11 10:10:22, 31.0, 34.0, 989, 202.603922033
2017-01-11 10:11:27, 31.0, 39.0, 989, 202.17946421
2017-01-11 10:12:29, 31.0, 53.0, 989, 202.603922033
2017-01-11 10:13:32, 31.0, 30.0, 989, 202.349245255
2017-01-11 10:14:37, 31.0, 52.0, 989, 203.028397229
2017-01-11 10:15:40, 31.0, 30.0, 989, 203.028397229
2017-01-11 10:16:48, 29.0, 37.0, 989, 202.09457473
2017-01-11 10:17:53, 31.0, 40.0, 989, 203.622691693
2017-01-11 10:18:58, 29.0, 29.0, 989, 203.028397229
2017-01-11 10:20:03, 31.0, 29.0, 989, 202.264354385
2017-01-11 10:21:06, 30.0, 30.0, 989, 203.367989895
2017-01-11 10:22:09, 31.0, 41.0, 989, 203.792496367
2017-01-11 10:23:11, 31.0, 30.0, 989, 201.83991046
2017-01-11 10:24:14, 32.0, 30.0, 989, 202.434136819
2017-01-11 10:25:20, 31.0, 29.0, 989, 201.670137753
2017-01-11 10:26:22, 29.0, 29.0, 989, 202.519029079
2017-01-11 10:27:27, 29.0, 31.0, 989, 202.349245255
2017-01-11 10:28:30, 31.0, 30.0, 989, 202.519029079
2017-01-11 10:29:35, 30.0, 30.0, 989, 202.519029079
2017-01-11 10:30:38, 31.0, 44.0, 989, 202.773710026
2017-01-11 10:31:43, 30.0, 31.0, 989, 201.924797855
2017-01-11 10:32:46, 31.0, 30.0, 989, 202.603922033
2017-01-11 10:33:48, 30.0, 31.0, 989, 202.9435008
2017-01-11 10:34:51, 31.0, 30.0, 989, 203.028397229
2017-01-11 10:35:53, 30.0, 31.0, 989, 202.519029079
2017-01-11 10:36:56, 31.0, 30.0, 989, 203.367989895
2017-01-11 10:37:59, 31.0, 30.0, 989, 203.113294353
2017-01-11 10:39:04, 31.0, 29.0, 989, 203.367989895
2017-01-11 10:40:09, 31.0, 44.0, 989, 203.113294353
2017-01-11 10:41:14, 31.0, 29.0, 989, 204.132114055
2017-01-11 10:42:22, 31.0, 29.0, 988, 203.367989895
2017-01-11 10:43:29, 29.0, 29.0, 988, 203.962303821
2017-01-11 10:44:34, 29.0, 29.0, 989, 203.113294353
2017-01-11 10:45:37, 30.0, 30.0, 988, 203.537790398
2017-01-11 10:46:42, 31.0, 31.0, 989, 203.962303821
2017-01-11 10:47:47, 31.0, 29.0, 988, 203.962303821
2017-01-11 10:48:52, 31.0, 29.0, 989, 204.047208591
2017-01-11 10:49:55, 31.0, 30.0, 989, 204.471742867
2017-01-11 10:51:00, 31.0, 29.0, 988, 203.792496367
2017-01-11 10:52:03, 31.0, 54.0, 988, 204.132114055
2017-01-11 10:53:05, 29.0, 31.0, 989, 203.452889799
2017-01-11 10:54:08, 32.0, 32.0, 988, 204.556651808
2017-01-11 10:55:16, 31.0, 30.0, 988, 204.386834621
2017-01-11 10:56:21, 31.0, 29.0, 988, 204.641561444
2017-01-11 10:57:23, 31.0, 30.0, 988, 203.707593682
2017-01-11 10:58:26, 31.0, 30.0, 988, 204.641561444
2017-01-11 10:59:29, 31.0, 91.0, 989, 204.641561444
2017-01-11 11:00:31, 31.0, 30.0, 989, 203.962303821
2017-01-11 11:01:34, 31.0, 31.0, 988, 204.641561444
2017-01-11 11:02:39, 31.0, 29.0, 988, 204.047208591
2017-01-11 11:03:42, 31.0, 30.0, 988, 204.726471775
2017-01-11 11:04:47, 29.0, 39.0, 988, 205.066120053
2017-01-11 11:05:52, 31.0, 29.0, 988, 204.896294523
2017-01-11 11:06:57, 31.0, 29.0, 988, 204.726471775
2017-01-11 11:08:00, 31.0, 30.0, 988, 204.641561444
2017-01-11 11:09:06, 31.0, 30.0, 988, 205.490696044
2017-01-11 11:10:09, 31.0, 30.0, 988, 204.896294523
2017-01-11 11:11:12, 31.0, 30.0, 988, 205.066120053
2017-01-11 11:12:27, 31.0, 29.0, 988, 205.320863562
2017-01-11 11:13:30, 31.0, 45.0, 988, 204.896294523
2017-01-11 11:14:32, 31.0, 30.0, 988, 205.066120053
2017-01-11 11:15:35, 31.0, 30.0, 988, 204.556651808
2017-01-11 11:16:38, 31.0, 30.0, 988, 204.98120694
2017-01-11 11:17:43, 32.0, 35.0, 988, 205.235948363
2017-01-11 11:18:45, 31.0, 30.0, 988, 205.15103386
2017-01-11 11:20:03, 31.0, 29.0, 988, 206.17005379
2017-01-11 11:21:06, 31.0, 30.0, 988, 206.679601308
2017-01-11 11:22:08, 31.0, 30.0, 988, 205.15103386
2017-01-11 11:23:11, 31.0, 30.0, 988, 206.085131637
2017-01-11 11:24:14, 31.0, 30.0, 988, 205.830369354
2017-01-11 11:25:16, 30.0, 29.0, 988, 205.15103386
2017-01-11 11:26:22, 31.0, 29.0, 988, 205.490696044
2017-01-11 11:27:24, 31.0, 30.0, 988, 204.896294523
2017-01-11 11:28:27, 31.0, 30.0, 988, 204.726471775
2017-01-11 11:29:29, 31.0, 30.0, 988, 205.830369354
2017-01-11 11:30:35, 31.0, 30.0, 988, 205.490696044
2017-01-11 11:31:45, 30.0, 30.0, 988, 205.915289419
2017-01-11 11:32:50, 31.0, 29.0, 988, 206.17005379
2017-01-11 11:33:53, 31.0, 30.0, 988, 206.17005379
2017-01-11 11:34:55, 31.0, 30.0, 988, 205.915289419
2017-01-11 11:35:58, 30.0, 29.0, 988, 205.745449983
2017-01-11 11:37:00, 29.0, 29.0, 988, 206.000210181
2017-01-11 11:38:03, 31.0, 30.0, 988, 206.254976637
2017-01-11 11:39:08, 30.0, 53.0, 988, 206.594674982
2017-01-11 11:40:11, 31.0, 43.0, 988, 207.104243366
2017-01-11 11:41:21, 31.0, 29.0, 988, 206.849456044
2017-01-11 11:42:23, 31.0, 30.0, 988, 207.443969534
2017-01-11 11:43:26, 31.0, 30.0, 988, 206.17005379
2017-01-11 11:44:29, 30.0, 29.0, 988, 207.104243366
2017-01-11 11:45:31, 30.0, 31.0, 988, 206.679601308
2017-01-11 11:46:39, 31.0, 29.0, 988, 207.189173865
2017-01-11 11:47:49, 31.0, 31.0, 988, 207.274105059
2017-01-11 11:48:54, 29.0, 29.0, 988, 207.698771464
2017-01-11 11:49:59, 31.0, 29.0, 988, 208.123455262
2017-01-11 11:51:02, 31.0, 30.0, 988, 208.293333651
2017-01-11 11:52:05, 31.0, 30.0, 988, 208.7180418
2017-01-11 11:53:07, 29.0, 30.0, 988, 208.88792993
2017-01-11 11:54:12, 30.0, 29.0, 988, 208.378273889
2017-01-11 11:55:23, 31.0, 31.0, 988, 208.802985517
2017-01-11 11:56:25, 31.0, 30.0, 988, 210.162179639
2017-01-11 11:57:30, 29.0, 30.0, 988, 210.247135188
2017-01-11 11:58:33, 31.0, 28.0, 988, 210.586964343
2017-01-11 11:59:36, 31.0, 30.0, 988, 211.606518639
2017-01-11 12:00:38, 31.0, 30.0, 988, 211.181692166
2017-01-11 12:01:43, 31.0, 29.0, 988, 211.266656068
2017-01-11 12:02:46, 32.0, 30.0, 988, 211.521551952
2017-01-11 12:03:49, 32.0, 30.0, 988, 212.456223809
2017-01-11 12:04:51, 32.0, 30.0, 988, 210.756883097
2017-01-11 12:05:56, 32.0, 29.0, 988, 210.926804636
2017-01-11 12:07:01, 31.0, 29.0, 987, 212.286277204
2017-01-11 12:08:04, 31.0, 29.0, 988, 212.626173199
2017-01-11 12:09:07, 32.0, 30.0, 987, 212.966080337
2017-01-11 12:10:10, 32.0, 30.0, 987, 212.286277204
2017-01-11 12:11:12, 31.0, 28.0, 987, 213.560944644
2017-01-11 12:12:17, 31.0, 28.0, 987, 213.730912143
2017-01-11 12:13:20, 31.0, 29.0, 987, 214.070855501
2017-01-11 12:14:23, 31.0, 28.0, 987, 215.00575721
2017-01-11 12:15:28, 31.0, 29.0, 987, 215.090752455
2017-01-11 12:16:31, 32.0, 30.0, 987, 214.920762662
2017-01-11 12:17:41, 32.0, 29.0, 987, 215.175748397
2017-01-11 12:18:43, 31.0, 29.0, 987, 215.685738681
2017-01-11 12:19:46, 32.0, 30.0, 987, 215.940743231
2017-01-11 12:20:54, 32.0, 30.0, 987, 215.685738681
2017-01-11 12:21:57, 31.0, 29.0, 987, 215.685738681
2017-01-11 12:23:00, 32.0, 30.0, 987, 215.685738681
2017-01-11 12:24:05, 32.0, 29.0, 987, 215.600738559
2017-01-11 12:25:08, 32.0, 30.0, 987, 215.430740403
2017-01-11 12:26:10, 32.0, 30.0, 987, 216.110749749
2017-01-11 12:27:13, 32.0, 30.0, 987, 216.535778241
2017-01-11 12:28:21, 32.0, 29.0, 987, 216.280759055
2017-01-11 12:29:23, 32.0, 30.0, 987, 216.960824157
2017-01-11 12:30:26, 31.0, 29.0, 987, 216.87581358
2017-01-11 12:31:31, 33.0, 30.0, 987, 216.960824157
2017-01-11 12:32:41, 32.0, 30.0, 987, 217.981005463
2017-01-11 12:33:44, 33.0, 29.0, 987, 217.89598652
2017-01-11 12:34:49, 32.0, 29.0, 987, 218.236066476
2017-01-11 12:35:52, 33.0, 29.0, 987, 219.171343884
2017-01-11 12:36:59, 31.0, 28.0, 987, 218.151045441
2017-01-11 12:38:02, 33.0, 29.0, 987, 219.171343884
2017-01-11 12:39:04, 33.0, 29.0, 987, 218.831233246
2017-01-11 12:40:07, 31.0, 29.0, 987, 220.021669301
2017-01-11 12:41:10, 31.0, 50.0, 987, 219.341403388
2017-01-11 12:42:12, 33.0, 29.0, 987, 219.681530765
2017-01-11 12:43:15, 31.0, 29.0, 987, 219.426434186
2017-01-11 12:44:20, 31.0, 53.0, 987, 219.596497874
2017-01-11 12:45:23, 31.0, 51.0, 987, 220.106705679
2017-01-11 12:46:25, 33.0, 29.0, 987, 219.681530765
2017-01-11 12:47:28, 32.0, 30.0, 987, 220.361818998
2017-01-11 12:48:30, 33.0, 43.0, 987, 221.297288219
2017-01-11 12:49:33, 33.0, 29.0, 987, 220.616938596
2017-01-11 12:50:36, 32.0, 31.0, 987, 220.361818998
2017-01-11 12:51:38, 32.0, 30.0, 987, 220.872064472
2017-01-11 12:52:41, 33.0, 29.0, 986, 220.872064472
2017-01-11 12:53:43, 33.0, 29.0, 987, 221.127196627
2017-01-11 12:54:51, 32.0, 29.0, 986, 221.467382602
2017-01-11 12:55:54, 32.0, 30.0, 986, 221.212242074
2017-01-11 12:56:56, 32.0, 30.0, 986, 222.488007514
2017-01-11 12:58:01, 32.0, 29.0, 986, 221.722529409
2017-01-11 12:59:07, 32.0, 30.0, 986, 222.573064126
2017-01-11 13:00:12, 32.0, 29.0, 986, 222.062734921
2017-01-11 13:01:14, 32.0, 30.0, 986, 222.82823815
2017-01-11 13:02:17, 31.0, 29.0, 986, 223.253542149
2017-01-11 13:03:20, 31.0, 29.0, 986, 222.913297554
2017-01-11 13:04:22, 32.0, 30.0, 986, 223.423668635
2017-01-11 13:05:30, 32.0, 30.0, 986, 223.253542149
2017-01-11 13:06:35, 31.0, 28.0, 986, 224.529558858
2017-01-11 13:07:40, 32.0, 29.0, 986, 223.678863599
2017-01-11 13:08:45, 32.0, 29.0, 986, 223.083418455
2017-01-11 13:09:48, 32.0, 30.0, 986, 224.104202501
2017-01-11 13:10:51, 31.0, 31.0, 986, 223.593797913
2017-01-11 13:11:53, 31.0, 91.0, 986, 224.44448619
2017-01-11 13:13:01, 32.0, 30.0, 986, 223.763929983
2017-01-11 13:14:04, 32.0, 30.0, 986, 224.274342949
2017-01-11 13:15:09, 32.0, 29.0, 986, 225.125087082
2017-01-11 13:16:11, 31.0, 29.0, 986, 225.720649523
2017-01-11 13:17:15, 31.0, 32.0, 986, 225.210165335
2017-01-11 13:18:17, 32.0, 30.0, 986, 224.954932669
2017-01-11 13:19:22, 32.0, 32.0, 986, 225.550485333
2017-01-11 13:20:25, 32.0, 64.0, 986, 225.975901044
2017-01-11 13:21:28, 33.0, 40.0, 986, 225.805732665
2017-01-11 13:22:30, 33.0, 29.0, 986, 225.805732665
2017-01-11 13:23:35, 33.0, 28.0, 986, 225.635567079
2017-01-11 13:24:38, 33.0, 29.0, 986, 225.125087082
2017-01-11 13:25:41, 33.0, 29.0, 986, 226.060986282
2017-01-11 13:26:43, 33.0, 29.0, 986, 226.571512375
2017-01-11 13:27:46, 34.0, 29.0, 986, 225.890816505
2017-01-11 13:28:49, 33.0, 29.0, 986, 227.082063614
2017-01-11 13:29:51, 31.0, 29.0, 986, 227.507542192
2017-01-11 13:30:56, 31.0, 28.0, 986, 226.826784851
2017-01-11 13:32:02, 33.0, 28.0, 986, 226.996969995
2017-01-11 13:33:04, 33.0, 52.0, 986, 226.826784851
2017-01-11 13:34:09, 32.0, 28.0, 986, 227.167157933
2017-01-11 13:35:17, 33.0, 28.0, 986, 227.082063614
2017-01-11 13:36:20, 34.0, 29.0, 986, 227.167157933
2017-01-11 13:37:22, 32.0, 29.0, 986, 227.762837723
2017-01-11 13:38:32, 33.0, 30.0, 986, 228.954300017
2017-01-11 13:39:35, 31.0, 56.0, 986, 228.358551749
2017-01-11 13:40:38, 33.0, 45.0, 985, 229.464968645
2017-01-11 13:41:40, 32.0, 58.0, 986, 229.209631186
2017-01-11 13:42:43, 32.0, 54.0, 986, 229.124520097
2017-01-11 13:43:48, 33.0, 57.0, 986, 228.528762046
2017-01-11 13:44:51, 31.0, 31.0, 985, 228.698975138
2017-01-11 13:45:53, 33.0, 56.0, 985, 229.720312395
2017-01-11 13:46:56, 33.0, 53.0, 985, 229.720312395
2017-01-11 13:47:58, 34.0, 30.0, 985, 229.805428376
2017-01-11 13:49:01, 32.0, 46.0, 985, 230.486381393
2017-01-11 13:50:04, 33.0, 50.0, 985, 230.741750309
2017-01-11 13:51:11, 32.0, 28.0, 985, 231.593025476
2017-01-11 13:52:14, 31.0, 62.0, 985, 230.741750309
2017-01-11 13:53:19, 34.0, 42.0, 985, 231.422764849
Failed to get reading. Try again!
2017-01-11 13:56:02, 32.0, 29.0, 985, 231.167379152
2017-01-11 13:57:07, 34.0, 29.0, 985, 231.337635584
2017-01-11 13:58:09, 32.0, 47.0, 985, 231.593025476
2017-01-11 13:59:15, 34.0, 29.0, 985, 231.337635584
2017-01-11 14:00:17, 32.0, 48.0, 985, 232.870069346
2017-01-11 14:01:22, 34.0, 29.0, 985, 232.444370571
2017-01-11 14:02:25, 31.0, 54.0, 985, 232.699787738
2017-01-11 14:03:28, 31.0, 61.0, 985, 232.359232915
2017-01-11 14:04:33, 32.0, 28.0, 985, 233.125497004
2017-01-11 14:05:35, 32.0, 56.0, 985, 233.295785608
2017-01-11 14:06:38, 32.0, 49.0, 985, 233.806668206
2017-01-11 14:07:41, 33.0, 58.0, 985, 233.466077009
2017-01-11 14:08:46, 32.0, 43.0, 985, 233.466077009
2017-01-11 14:09:53, 34.0, 29.0, 985, 233.806668206
2017-01-11 14:10:56, 34.0, 48.0, 985, 234.998825555
2017-01-11 14:11:59, 34.0, 58.0, 985, 234.91366691
2017-01-11 14:13:04, 34.0, 29.0, 985, 235.254305687
2017-01-11 14:14:06, 31.0, 58.0, 985, 236.191120063
2017-01-11 14:15:09, 34.0, 50.0, 985, 234.828508966
2017-01-11 14:16:14, 32.0, 28.0, 985, 235.424629275
2017-01-11 14:17:17, 34.0, 49.0, 985, 236.191120063
2017-01-11 14:18:20, 34.0, 54.0, 985, 236.787318763
2017-01-11 14:19:22, 32.0, 54.0, 985, 236.361459049
2017-01-11 14:20:25, 32.0, 42.0, 985, 236.616972778
2017-01-11 14:21:27, 32.0, 51.0, 985, 236.191120063
2017-01-11 14:22:33, 33.0, 29.0, 985, 236.446629592
2017-01-11 14:23:35, 32.0, 54.0, 985, 237.979819078
2017-01-11 14:24:38, 32.0, 56.0, 985, 236.872492806
2017-01-11 14:25:41, 32.0, 47.0, 985, 237.383551767
2017-01-11 14:26:44, 33.0, 48.0, 985, 237.553910355
2017-01-11 14:27:52, 33.0, 29.0, 984, 237.553910355
2017-01-11 14:28:54, 32.0, 57.0, 984, 238.065002923
Failed to get reading. Try again!
2017-01-11 14:31:39, 34.0, 47.0, 984, 237.979819078
2017-01-11 14:32:41, 33.0, 50.0, 984, 238.661309448
2017-01-11 14:33:46, 33.0, 55.0, 984, 239.087263691
2017-01-11 14:34:49, 33.0, 54.0, 984, 239.087263691
2017-01-11 14:35:52, 31.0, 55.0, 984, 239.854025454
2017-01-11 14:36:57, 32.0, 44.0, 984, 239.598431895
2017-01-11 14:38:02, 33.0, 30.0, 984, 239.17245664
2017-01-11 14:39:04, 33.0, 29.0, 984, 240.024424663
2017-01-11 14:40:07, 31.0, 29.0, 984, 239.854025454
2017-01-11 14:41:10, 33.0, 29.0, 984, 240.28002873
2017-01-11 14:42:12, 32.0, 29.0, 984, 241.643356919
2017-01-11 14:43:15, 1.0, 29.0, 984, 241.643356919
2017-01-11 14:44:17, 32.0, 29.0, 984, 241.813785556
2017-01-11 14:45:20, 33.0, 29.0, 984, 242.069433767
2017-01-11 14:46:23, 33.0, 29.0, 984, 240.535639102
2017-01-11 14:47:25, 32.0, 29.0, 984, 240.70604952
2017-01-11 14:48:28, 33.0, 28.0, 984, 241.643356919
2017-01-11 14:49:30, 33.0, 29.0, 984, 242.495528137
2017-01-11 14:50:33, 34.0, 29.0, 984, 241.387719219
2017-01-11 14:51:36, 34.0, 29.0, 984, 242.325088287
2017-01-11 14:52:46, 33.0, 29.0, 984, 241.899000925
2017-01-11 14:53:48, 33.0, 29.0, 984, 242.325088287
2017-01-11 14:54:51, 32.0, 29.0, 984, 241.558143651
2017-01-11 14:55:54, 34.0, 29.0, 984, 242.069433767
2017-01-11 14:56:56, 32.0, 29.0, 984, 240.876462741
2017-01-11 14:57:59, 32.0, 29.0, 984, 241.813785556
2017-01-11 14:59:09, 33.0, 29.0, 984, 242.75119317
2017-01-11 15:00:11, 31.0, 29.0, 984, 241.387719219
2017-01-11 15:01:14, 31.0, 54.0, 984, 241.728570887
2017-01-11 15:02:17, 31.0, 29.0, 984, 241.472931085
2017-01-11 15:03:19, 31.0, 29.0, 984, 240.876462741
2017-01-11 15:04:24, 32.0, 30.0, 984, 241.558143651
2017-01-11 15:05:37, 33.0, 29.0, 984, 240.876462741
2017-01-11 15:06:40, 31.0, 54.0, 984, 241.046878764
2017-01-11 15:07:45, 33.0, 29.0, 984, 241.046878764
2017-01-11 15:08:50, 32.0, 29.0, 984, 241.813785556
2017-01-11 15:09:52, 32.0, 54.0, 984, 241.643356919
2017-01-11 15:10:58, 31.0, 28.0, 984, 241.728570887
2017-01-11 15:12:00, 31.0, 55.0, 984, 241.984216996
2017-01-11 15:13:03, 32.0, 55.0, 984, 242.239869413
2017-01-11 15:14:05, 31.0, 48.0, 984, 241.387719219
2017-01-11 15:15:08, 31.0, 53.0, 984, 241.132087827
2017-01-11 15:16:10, 32.0, 50.0, 984, 241.558143651
2017-01-11 15:17:13, 31.0, 55.0, 984, 242.495528137
2017-01-11 15:18:18, 31.0, 53.0, 984, 241.813785556
2017-01-11 15:19:21, 31.0, 62.0, 984, 242.580749114
2017-01-11 15:20:26, 31.0, 28.0, 984, 242.069433767
2017-01-11 15:21:46, 31.0, 28.0, 984, 242.069433767
2017-01-11 15:22:49, 31.0, 49.0, 984, 242.239869413
2017-01-11 15:23:51, 31.0, 48.0, 984, 242.665970792
2017-01-11 15:24:54, 31.0, 47.0, 984, 242.410307861
2017-01-11 15:25:57, 31.0, 54.0, 984, 242.665970792
2017-01-11 15:26:59, 31.0, 54.0, 984, 241.472931085
2017-01-11 15:28:02, 31.0, 54.0, 984, 241.643356919
2017-01-11 15:29:07, 31.0, 28.0, 984, 241.387719219
2017-01-11 15:30:10, 31.0, 57.0, 984, 241.387719219
2017-01-11 15:31:12, 31.0, 57.0, 984, 241.387719219
2017-01-11 15:32:35, 31.0, 49.0, 984, 242.069433767
2017-01-11 15:33:38, 31.0, 57.0, 984, 241.899000925
2017-01-11 15:34:40, 31.0, 47.0, 984, 241.984216996
2017-01-11 15:35:43, 31.0, 49.0, 984, 241.899000925
2017-01-11 15:36:45, 31.0, 48.0, 984, 242.325088287
2017-01-11 15:37:48, 31.0, 55.0, 984, 242.069433767
2017-01-11 15:38:51, 31.0, 55.0, 984, 242.069433767
2017-01-11 15:39:53, 31.0, 42.0, 984, 242.495528137
2017-01-11 15:40:56, 31.0, 57.0, 984, 242.239869413
2017-01-11 15:42:01, 31.0, 28.0, 984, 242.665970792
2017-01-11 15:43:04, 31.0, 49.0, 984, 241.899000925
2017-01-11 15:44:06, 31.0, 55.0, 984, 243.006864512
2017-01-11 15:45:11, 32.0, 30.0, 984, 244.114846569
2017-01-11 15:46:14, 31.0, 30.0, 984, 242.495528137
2017-01-11 15:47:21, 31.0, 28.0, 984, 242.665970792
2017-01-11 15:48:24, 32.0, 55.0, 984, 243.347769449
2017-01-11 15:49:27, 32.0, 30.0, 984, 243.177315578
2017-01-11 15:50:29, 31.0, 54.0, 984, 242.921640031
2017-01-11 15:51:32, 31.0, 54.0, 984, 243.262542163
2017-01-11 15:52:34, 32.0, 55.0, 984, 242.495528137
2017-01-11 15:53:39, 30.0, 29.0, 984, 241.728570887
2017-01-11 15:54:45, 30.0, 29.0, 984, 242.83641625
2017-01-11 15:55:50, 30.0, 29.0, 984, 242.580749114
2017-01-11 15:56:55, 32.0, 30.0, 984, 242.239869413
2017-01-11 15:57:58, 30.0, 49.0, 984, 242.580749114
2017-01-11 15:59:00, 31.0, 54.0, 984, 242.83641625
2017-01-11 16:00:03, 30.0, 55.0, 984, 241.472931085
2017-01-11 16:01:05, 31.0, 51.0, 984, 242.069433767
2017-01-11 16:02:13, 31.0, 29.0, 984, 242.069433767
2017-01-11 16:03:18, 31.0, 30.0, 984, 241.472931085
2017-01-11 16:04:21, 31.0, 30.0, 984, 240.961670402
2017-01-11 16:05:23, 30.0, 30.0, 984, 240.961670402
2017-01-11 16:06:26, 31.0, 28.0, 984, 240.28002873
2017-01-11 16:07:33, 31.0, 28.0, 984, 242.069433767
2017-01-11 16:08:36, 32.0, 30.0, 984, 241.21729759
2017-01-11 16:09:41, 31.0, 29.0, 984, 241.472931085
2017-01-11 16:10:46, 31.0, 30.0, 984, 240.876462741
2017-01-11 16:11:49, 31.0, 30.0, 984, 241.728570887
2017-01-11 16:12:51, 32.0, 30.0, 984, 241.643356919
2017-01-11 16:13:54, 31.0, 30.0, 984, 241.472931085
2017-01-11 16:14:57, 31.0, 30.0, 984, 241.21729759
2017-01-11 16:15:59, 31.0, 30.0, 984, 241.472931085
2017-01-11 16:17:05, 30.0, 29.0, 984, 239.854025454
2017-01-11 16:18:07, 31.0, 30.0, 984, 240.109625318
2017-01-11 16:19:10, 30.0, 30.0, 984, 240.450434944
2017-01-11 16:20:12, 31.0, 30.0, 984, 239.002071441
2017-01-11 16:21:15, 31.0, 30.0, 984, 239.854025454
2017-01-11 16:22:20, 31.0, 30.0, 984, 239.854025454
2017-01-11 16:23:23, 30.0, 30.0, 984, 239.683629048
2017-01-11 16:24:25, 31.0, 30.0, 984, 238.831689044
2017-01-11 16:25:28, 30.0, 29.0, 984, 239.513235444
2017-01-11 16:26:33, 31.0, 29.0, 984, 239.513235444
2017-01-11 16:27:35, 31.0, 30.0, 984, 239.257650291
2017-01-11 16:28:41, 31.0, 29.0, 984, 239.087263691
2017-01-11 16:29:46, 29.0, 29.0, 984, 238.831689044
2017-01-11 16:30:48, 29.0, 30.0, 984, 239.598431895
2017-01-11 16:31:51, 29.0, 30.0, 984, 239.002071441
2017-01-11 16:32:53, 31.0, 30.0, 984, 239.342844641
2017-01-11 16:33:59, 31.0, 29.0, 984, 239.428039692
2017-01-11 16:35:01, 29.0, 29.0, 984, 238.661309448
2017-01-11 16:36:06, 31.0, 29.0, 984, 238.490932654
2017-01-11 16:37:09, 30.0, 30.0, 984, 239.428039692
2017-01-11 16:38:11, 31.0, 30.0, 984, 238.490932654
2017-01-11 16:39:17, 31.0, 29.0, 984, 237.809453488
2017-01-11 16:40:22, 29.0, 29.0, 984, 238.661309448
2017-01-11 16:41:24, 31.0, 30.0, 984, 238.405745307
2017-01-11 16:42:27, 31.0, 30.0, 984, 238.831689044
2017-01-11 16:43:32, 31.0, 30.0, 984, 238.150187469
2017-01-11 16:44:35, 29.0, 30.0, 985, 238.576120701
2017-01-11 16:45:37, 31.0, 30.0, 984, 238.405745307
2017-01-11 16:46:40, 29.0, 30.0, 985, 237.298373523
2017-01-11 16:47:43, 29.0, 30.0, 984, 237.468730711
2017-01-11 16:48:45, 29.0, 30.0, 984, 237.468730711
2017-01-11 16:49:48, 29.0, 30.0, 985, 237.639090699
2017-01-11 16:50:53, 29.0, 29.0, 985, 237.21319598
2017-01-11 16:51:55, 31.0, 55.0, 985, 237.809453488
2017-01-11 16:52:58, 29.0, 55.0, 985, 236.787318763
2017-01-11 16:54:01, 31.0, 55.0, 985, 236.531800835
2017-01-11 16:55:03, 29.0, 56.0, 985, 236.446629592
2017-01-11 16:56:06, 31.0, 56.0, 985, 234.91366691
2017-01-11 16:57:11, 29.0, 29.0, 985, 234.998825555
2017-01-11 16:58:18, 29.0, 29.0, 985, 234.402729738
2017-01-11 16:59:21, 29.0, 55.0, 985, 233.891817755
2017-01-11 17:00:26, 30.0, 32.0, 985, 234.317575992
2017-01-11 17:01:29, 31.0, 50.0, 985, 234.658195175
2017-01-11 17:02:31, 31.0, 55.0, 985, 233.976968003
2017-01-11 17:03:34, 30.0, 56.0, 985, 233.466077009
2017-01-11 17:04:37, 29.0, 50.0, 985, 233.125497004
2017-01-11 17:05:39, 29.0, 49.0, 985, 233.040353752
2017-01-11 17:06:42, 31.0, 46.0, 985, 233.295785608
2017-01-11 17:07:52, 30.0, 31.0, 985, 233.636371209
2017-01-11 17:08:55, 30.0, 31.0, 985, 232.699787738
2017-01-11 17:09:57, 31.0, 55.0, 985, 232.614647983
2017-01-11 17:11:00, 30.0, 55.0, 985, 232.614647983
2017-01-11 17:12:12, 29.0, 29.0, 985, 231.7632889
2017-01-11 17:13:15, 29.0, 50.0, 985, 231.933555122
2017-01-11 17:14:23, 30.0, 31.0, 985, 232.188959699
2017-01-11 17:15:25, 29.0, 56.0, 985, 230.741750309
2017-01-11 17:16:28, 29.0, 55.0, 985, 230.145899292
2017-01-11 17:17:30, 30.0, 56.0, 985, 230.656626637
2017-01-11 17:18:33, 30.0, 56.0, 985, 230.401259819
2017-01-11 17:19:36, 29.0, 55.0, 985, 230.145899292
2017-01-11 17:20:38, 30.0, 41.0, 985, 229.464968645
2017-01-11 17:21:43, 28.0, 30.0, 985, 230.401259819
2017-01-11 17:22:48, 29.0, 29.0, 985, 230.145899292
2017-01-11 17:24:01, 28.0, 37.0, 985, 230.145899292
2017-01-11 17:25:06, 28.0, 30.0, 985, 229.464968645
2017-01-11 17:26:11, 29.0, 29.0, 986, 229.294742973
2017-01-11 17:27:14, 28.0, 60.0, 985, 229.124520097
2017-01-11 17:28:17, 29.0, 49.0, 986, 229.294742973
2017-01-11 17:29:19, 28.0, 55.0, 986, 229.635197113
2017-01-11 17:30:24, 28.0, 30.0, 986, 228.443656548
2017-01-11 17:31:27, 29.0, 31.0, 986, 229.635197113
2017-01-11 17:32:29, 28.0, 58.0, 985, 228.869191025
2017-01-11 17:33:32, 28.0, 31.0, 986, 227.84793763
2017-01-11 17:34:45, 28.0, 59.0, 986, 228.443656548
2017-01-11 17:35:50, 28.0, 30.0, 986, 228.528762046
2017-01-11 17:37:00, 28.0, 30.0, 986, 229.37985546
Failed to get reading. Try again!
2017-01-11 17:40:00, 28.0, 59.0, 986, 228.954300017
2017-01-11 17:41:08, 28.0, 30.0, 986, 230.401259819
2017-01-11 17:42:11, 28.0, 44.0, 985, 229.294742973
2017-01-11 17:43:13, 28.0, 56.0, 985, 229.720312395
2017-01-11 17:44:16, 28.0, 35.0, 985, 230.231018768
2017-01-11 17:45:18, 28.0, 36.0, 985, 229.294742973
2017-01-11 17:46:21, 28.0, 58.0, 985, 229.890545057
2017-01-11 17:47:39, 28.0, 58.0, 985, 229.720312395
2017-01-11 17:49:09, 28.0, 35.0, 985, 229.975662436
2017-01-11 17:50:17, 28.0, 55.0, 985, 230.060780515
Failed to get reading. Try again!
2017-01-11 17:53:09, 28.0, 30.0, 985, 229.805428376
2017-01-11 17:54:12, 29.0, 56.0, 986, 229.124520097
2017-01-11 17:55:15, 29.0, 56.0, 986, 228.698975138
2017-01-11 17:56:17, 28.0, 57.0, 986, 228.698975138
2017-01-11 17:57:20, 27.0, 58.0, 986, 228.018139542
2017-01-11 17:58:25, 29.0, 31.0, 986, 228.273447649
2017-01-11 17:59:27, 28.0, 50.0, 986, 229.37985546
2017-01-11 18:00:30, 28.0, 56.0, 986, 229.039409707
2017-01-11 18:01:33, 29.0, 52.0, 986, 229.039409707
2017-01-11 18:02:35, 27.0, 56.0, 986, 228.358551749
2017-01-11 18:03:38, 29.0, 56.0, 986, 227.677738514
2017-01-11 18:04:41, 29.0, 56.0, 986, 228.954300017
2017-01-11 18:05:43, 29.0, 31.0, 986, 226.911877073
2017-01-11 18:06:46, 27.0, 51.0, 986, 228.018139542
2017-01-11 18:07:48, 27.0, 50.0, 986, 226.911877073
2017-01-11 18:08:51, 27.0, 51.0, 986, 226.826784851
2017-01-11 18:09:56, 29.0, 31.0, 986, 225.635567079
2017-01-11 18:10:59, 27.0, 61.0, 986, 225.295244287
2017-01-11 18:12:01, 27.0, 62.0, 986, 225.465404286
2017-01-11 18:13:06, 27.0, 31.0, 986, 224.954932669
2017-01-11 18:14:09, 27.0, 63.0, 986, 224.699706287
2017-01-11 18:15:11, 27.0, 60.0, 986, 224.019133325
2017-01-11 18:16:14, 27.0, 44.0, 986, 224.274342949
Failed to get reading. Try again!
Failed to get reading. Try again!
Failed to get reading. Try again!
Failed to get reading. Try again!
Failed to get reading. Try again!
Failed to get reading. Try again!
Failed to get reading. Try again!
Failed to get reading. Try again!
Failed to get reading. Try again!
Failed to get reading. Try again!
Failed to get reading. Try again!
Failed to get reading. Try again!
Failed to get reading. Try again!
Failed to get reading. Try again!
Failed to get reading. Try again!
Failed to get reading. Try again!
Failed to get reading. Try again!
Failed to get reading. Try again!
Failed to get reading. Try again!
Failed to get reading. Try again!
Failed to get reading. Try again!
Failed to get reading. Try again!
Failed to get reading. Try again!
Failed to get reading. Try again!
Failed to get reading. Try again!
Failed to get reading. Try again!
Failed to get reading. Try again!
Failed to get reading. Try again!
Failed to get reading. Try again!
Failed to get reading. Try again!
Failed to get reading. Try again!
Failed to get reading. Try again!
Failed to get reading. Try again!
Failed to get reading. Try again!
Failed to get reading. Try again!
Failed to get reading. Try again!
Failed to get reading. Try again!
Failed to get reading. Try again!
Failed to get reading. Try again!
Failed to get reading. Try again!
Failed to get reading. Try again!
Failed to get reading. Try again!
Failed to get reading. Try again!
Failed to get reading. Try again!
Failed to get reading. Try again!
Failed to get reading. Try again!
Failed to get reading. Try again!
Failed to get reading. Try again!
Failed to get reading. Try again!
Failed to get reading. Try again!
Failed to get reading. Try again!
Failed to get reading. Try again!
Failed to get reading. Try again!
Failed to get reading. Try again!
Failed to get reading. Try again!
Failed to get reading. Try again!
Failed to get reading. Try again!
Failed to get reading. Try again!
Failed to get reading. Try again!
Failed to get reading. Try again!
Failed to get reading. Try again!
Failed to get reading. Try again!
Failed to get reading. Try again!
Failed to get reading. Try again!
Failed to get reading. Try again!
Failed to get reading. Try again!
Failed to get reading. Try again!
Failed to get reading. Try again!
Failed to get reading. Try again!
Failed to get reading. Try again!
Failed to get reading. Try again!
Failed to get reading. Try again!
Failed to get reading. Try again!
Failed to get reading. Try again!
Failed to get reading. Try again!
Failed to get reading. Try again!
Failed to get reading. Try again!
Failed to get reading. Try again!
Failed to get reading. Try again!
Failed to get reading. Try again!
Failed to get reading. Try again!
Failed to get reading. Try again!
Failed to get reading. Try again!
Failed to get reading. Try again!
Failed to get reading. Try again!
Failed to get reading. Try again!
Failed to get reading. Try again!
Failed to get reading. Try again!
Failed to get reading. Try again!
Failed to get reading. Try again!
Failed to get reading. Try again!
Failed to get reading. Try again!
Failed to get reading. Try again!
Failed to get reading. Try again!
Failed to get reading. Try again!
Failed to get reading. Try again!
Failed to get reading. Try again!
Failed to get reading. Try again!
Failed to get reading. Try again!
Failed to get reading. Try again!
Failed to get reading. Try again!
Failed to get reading. Try again!
Failed to get reading. Try again!
Failed to get reading. Try again!
Failed to get reading. Try again!
Failed to get reading. Try again!
Failed to get reading. Try again!
Failed to get reading. Try again!
Failed to get reading. Try again!
Failed to get reading. Try again!
Failed to get reading. Try again!
Failed to get reading. Try again!
Failed to get reading. Try again!
Failed to get reading. Try again!
Failed to get reading. Try again!
Failed to get reading. Try again!
Failed to get reading. Try again!
Failed to get reading. Try again!
Failed to get reading. Try again!
Failed to get reading. Try again!
Failed to get reading. Try again!
Failed to get reading. Try again!
Failed to get reading. Try again!
Failed to get reading. Try again!
Failed to get reading. Try again!
Failed to get reading. Try again!
Failed to get reading. Try again!
Failed to get reading. Try again!
Failed to get reading. Try again!
Failed to get reading. Try again!
Failed to get reading. Try again!
Failed to get reading. Try again!
Failed to get reading. Try again!
Failed to get reading. Try again!
Failed to get reading. Try again!
Failed to get reading. Try again!
Failed to get reading. Try again!
Failed to get reading. Try again!
Failed to get reading. Try again!
Failed to get reading. Try again!
Failed to get reading. Try again!
Failed to get reading. Try again!
Failed to get reading. Try again!
Failed to get reading. Try again!
Failed to get reading. Try again!
Failed to get reading. Try again!
Failed to get reading. Try again!
Failed to get reading. Try again!
Failed to get reading. Try again!
Failed to get reading. Try again!
Failed to get reading. Try again!
Failed to get reading. Try again!
Failed to get reading. Try again!
Failed to get reading. Try again!
Failed to get reading. Try again!
Failed to get reading. Try again!
Failed to get reading. Try again!
Failed to get reading. Try again!
Failed to get reading. Try again!
Failed to get reading. Try again!
Failed to get reading. Try again!
Failed to get reading. Try again!
Failed to get reading. Try again!
Failed to get reading. Try again!
Failed to get reading. Try again!
Failed to get reading. Try again!
Failed to get reading. Try again!
Failed to get reading. Try again!
Failed to get reading. Try again!
Failed to get reading. Try again!
Failed to get reading. Try again!
Failed to get reading. Try again!
Failed to get reading. Try again!
Failed to get reading. Try again!
Failed to get reading. Try again!
Failed to get reading. Try again!
Failed to get reading. Try again!
Failed to get reading. Try again!
Failed to get reading. Try again!
Failed to get reading. Try again!
Failed to get reading. Try again!
Failed to get reading. Try again!
Failed to get reading. Try again!
Failed to get reading. Try again!
Failed to get reading. Try again!
Failed to get reading. Try again!
Failed to get reading. Try again!
Failed to get reading. Try again!
Failed to get reading. Try again!
2017-01-11 23:32:36, 26.0, 40.0, 989, 202.519029079
2017-01-11 23:33:57, 26.0, 57.0, 989, 202.773710026
2017-01-11 23:35:19, 26.0, 44.0, 989, 201.415483905
Failed to get reading. Try again!
Failed to get reading. Try again!
Failed to get reading. Try again!
Failed to get reading. Try again!
Failed to get reading. Try again!
Failed to get reading. Try again!
Failed to get reading. Try again!
Failed to get reading. Try again!
Failed to get reading. Try again!
Failed to get reading. Try again!
Failed to get reading. Try again!
Failed to get reading. Try again!
Failed to get reading. Try again!
Failed to get reading. Try again!
Failed to get reading. Try again!
Failed to get reading. Try again!
Failed to get reading. Try again!
Failed to get reading. Try again!
Failed to get reading. Try again!
Failed to get reading. Try again!
Failed to get reading. Try again!
Failed to get reading. Try again!
Failed to get reading. Try again!
Failed to get reading. Try again!
Failed to get reading. Try again!
Failed to get reading. Try again!
Failed to get reading. Try again!
Failed to get reading. Try again!
Failed to get reading. Try again!
Failed to get reading. Try again!
Failed to get reading. Try again!
Failed to get reading. Try again!
Failed to get reading. Try again!
Failed to get reading. Try again!
Failed to get reading. Try again!
Failed to get reading. Try again!
Failed to get reading. Try again!
Failed to get reading. Try again!
Failed to get reading. Try again!
Failed to get reading. Try again!
Failed to get reading. Try again!
Failed to get reading. Try again!
Failed to get reading. Try again!
Failed to get reading. Try again!
Failed to get reading. Try again!
Failed to get reading. Try again!
Failed to get reading. Try again!
Failed to get reading. Try again!
Failed to get reading. Try again!
Failed to get reading. Try again!
Failed to get reading. Try again!
Failed to get reading. Try again!
Failed to get reading. Try again!
Failed to get reading. Try again!
Failed to get reading. Try again!
Failed to get reading. Try again!
Failed to get reading. Try again!
Failed to get reading. Try again!
Failed to get reading. Try again!
Failed to get reading. Try again!
Failed to get reading. Try again!
Failed to get reading. Try again!
Failed to get reading. Try again!
Failed to get reading. Try again!
Failed to get reading. Try again!
Failed to get reading. Try again!
Failed to get reading. Try again!
Failed to get reading. Try again!
Failed to get reading. Try again!
Failed to get reading. Try again!
Failed to get reading. Try again!
Failed to get reading. Try again!
Failed to get reading. Try again!
Failed to get reading. Try again!
Failed to get reading. Try again!
Failed to get reading. Try again!
Failed to get reading. Try again!
Failed to get reading. Try again!
Failed to get reading. Try again!
Failed to get reading. Try again!
Failed to get reading. Try again!
Failed to get reading. Try again!
Failed to get reading. Try again!
Failed to get reading. Try again!
Failed to get reading. Try again!
Failed to get reading. Try again!
Failed to get reading. Try again!
Failed to get reading. Try again!
Failed to get reading. Try again!
Failed to get reading. Try again!
Failed to get reading. Try again!
Failed to get reading. Try again!
Failed to get reading. Try again!
Failed to get reading. Try again!
Failed to get reading. Try again!
Failed to get reading. Try again!
Failed to get reading. Try again!
Failed to get reading. Try again!
Failed to get reading. Try again!
Failed to get reading. Try again!
Failed to get reading. Try again!
Failed to get reading. Try again!
Failed to get reading. Try again!
Failed to get reading. Try again!
Failed to get reading. Try again!
Failed to get reading. Try again!
Failed to get reading. Try again!
Failed to get reading. Try again!
Failed to get reading. Try again!
Failed to get reading. Try again!
Failed to get reading. Try again!
Failed to get reading. Try again!
Failed to get reading. Try again!
Failed to get reading. Try again!
Failed to get reading. Try again!
Failed to get reading. Try again!
Failed to get reading. Try again!
Failed to get reading. Try again!
Failed to get reading. Try again!
Failed to get reading. Try again!
Failed to get reading. Try again!
Failed to get reading. Try again!
Failed to get reading. Try again!
Failed to get reading. Try again!
Failed to get reading. Try again!
Failed to get reading. Try again!
Failed to get reading. Try again!
Failed to get reading. Try again!
Failed to get reading. Try again!
Failed to get reading. Try again!
Failed to get reading. Try again!
Failed to get reading. Try again!
Failed to get reading. Try again!
Failed to get reading. Try again!
Failed to get reading. Try again!
Failed to get reading. Try again!
Failed to get reading. Try again!
Failed to get reading. Try again!
Failed to get reading. Try again!
Failed to get reading. Try again!
Failed to get reading. Try again!
Failed to get reading. Try again!
Failed to get reading. Try again!
Failed to get reading. Try again!
Failed to get reading. Try again!
Failed to get reading. Try again!
Failed to get reading. Try again!
Failed to get reading. Try again!
Failed to get reading. Try again!
Failed to get reading. Try again!
Failed to get reading. Try again!
Failed to get reading. Try again!
Failed to get reading. Try again!
Failed to get reading. Try again!
Failed to get reading. Try again!
Failed to get reading. Try again!
Failed to get reading. Try again!
Failed to get reading. Try again!
Failed to get reading. Try again!
Failed to get reading. Try again!
Failed to get reading. Try again!
Failed to get reading. Try again!
Failed to get reading. Try again!
Failed to get reading. Try again!
Failed to get reading. Try again!
Failed to get reading. Try again!
Failed to get reading. Try again!
Failed to get reading. Try again!
Failed to get reading. Try again!
Failed to get reading. Try again!
Failed to get reading. Try again!
Failed to get reading. Try again!
Failed to get reading. Try again!
Failed to get reading. Try again!
Failed to get reading. Try again!
Failed to get reading. Try again!
Failed to get reading. Try again!
Failed to get reading. Try again!
Failed to get reading. Try again!
Failed to get reading. Try again!
Failed to get reading. Try again!
Failed to get reading. Try again!
Failed to get reading. Try again!
Failed to get reading. Try again!
Failed to get reading. Try again!
Failed to get reading. Try again!
Failed to get reading. Try again!
Failed to get reading. Try again!
Failed to get reading. Try again!
Failed to get reading. Try again!
Failed to get reading. Try again!
Failed to get reading. Try again!
Failed to get reading. Try again!
Failed to get reading. Try again!
Failed to get reading. Try again!
Failed to get reading. Try again!
Failed to get reading. Try again!
Failed to get reading. Try again!
Failed to get reading. Try again!
Failed to get reading. Try again!
Failed to get reading. Try again!
Failed to get reading. Try again!
Failed to get reading. Try again!
Failed to get reading. Try again!
Failed to get reading. Try again!
Failed to get reading. Try again!
Failed to get reading. Try again!
Failed to get reading. Try again!
Failed to get reading. Try again!
Failed to get reading. Try again!
Failed to get reading. Try again!
Failed to get reading. Try again!
Failed to get reading. Try again!
Failed to get reading. Try again!
Failed to get reading. Try again!
Failed to get reading. Try again!
Failed to get reading. Try again!
Failed to get reading. Try again!
Failed to get reading. Try again!
Failed to get reading. Try again!
Failed to get reading. Try again!
Failed to get reading. Try again!
Failed to get reading. Try again!
Failed to get reading. Try again!
Failed to get reading. Try again!
Failed to get reading. Try again!
Failed to get reading. Try again!
Failed to get reading. Try again!
Failed to get reading. Try again!
Failed to get reading. Try again!
Failed to get reading. Try again!
Failed to get reading. Try again!
Failed to get reading. Try again!
Failed to get reading. Try again!
Failed to get reading. Try again!
Failed to get reading. Try again!
Failed to get reading. Try again!
Failed to get reading. Try again!
Failed to get reading. Try again!
Failed to get reading. Try again!
Failed to get reading. Try again!
Failed to get reading. Try again!
Failed to get reading. Try again!
Failed to get reading. Try again!
Failed to get reading. Try again!
Failed to get reading. Try again!
Failed to get reading. Try again!
Failed to get reading. Try again!
Failed to get reading. Try again!
Failed to get reading. Try again!
Failed to get reading. Try again!
Failed to get reading. Try again!
Failed to get reading. Try again!
Failed to get reading. Try again!
Failed to get reading. Try again!
Failed to get reading. Try again!
Failed to get reading. Try again!
Failed to get reading. Try again!
Failed to get reading. Try again!
Failed to get reading. Try again!
Failed to get reading. Try again!
Failed to get reading. Try again!
Failed to get reading. Try again!
Failed to get reading. Try again!
Failed to get reading. Try again!
Failed to get reading. Try again!
Failed to get reading. Try again!
Failed to get reading. Try again!
Failed to get reading. Try again!
Failed to get reading. Try again!
Failed to get reading. Try again!
Failed to get reading. Try again!
Failed to get reading. Try again!
Failed to get reading. Try again!
Failed to get reading. Try again!
Failed to get reading. Try again!
Failed to get reading. Try again!
Failed to get reading. Try again!
Failed to get reading. Try again!
Failed to get reading. Try again!
Failed to get reading. Try again!
Failed to get reading. Try again!
Failed to get reading. Try again!
Failed to get reading. Try again!
Failed to get reading. Try again!
Failed to get reading. Try again!
Failed to get reading. Try again!
Failed to get reading. Try again!
Failed to get reading. Try again!
Failed to get reading. Try again!
Failed to get reading. Try again!
Failed to get reading. Try again!
Failed to get reading. Try again!
Failed to get reading. Try again!
Failed to get reading. Try again!
Failed to get reading. Try again!
Failed to get reading. Try again!
Failed to get reading. Try again!
Failed to get reading. Try again!
Failed to get reading. Try again!
Failed to get reading. Try again!
Failed to get reading. Try again!
Failed to get reading. Try again!
Failed to get reading. Try again!
Failed to get reading. Try again!
Failed to get reading. Try again!
Failed to get reading. Try again!
Failed to get reading. Try again!
Failed to get reading. Try again!
Failed to get reading. Try again!
Failed to get reading. Try again!
Failed to get reading. Try again!
Failed to get reading. Try again!
Failed to get reading. Try again!
Failed to get reading. Try again!
Failed to get reading. Try again!
Failed to get reading. Try again!
Failed to get reading. Try again!
Failed to get reading. Try again!
Failed to get reading. Try again!
Failed to get reading. Try again!
Failed to get reading. Try again!
Failed to get reading. Try again!
Failed to get reading. Try again!
Failed to get reading. Try again!
Failed to get reading. Try again!
Failed to get reading. Try again!
Failed to get reading. Try again!
Failed to get reading. Try again!
Failed to get reading. Try again!
Failed to get reading. Try again!
Failed to get reading. Try again!
Failed to get reading. Try again!
Failed to get reading. Try again!
Failed to get reading. Try again!
Failed to get reading. Try again!
Failed to get reading. Try again!
Failed to get reading. Try again!
Failed to get reading. Try again!
Failed to get reading. Try again!
Failed to get reading. Try again!
Failed to get reading. Try again!
Failed to get reading. Try again!
Failed to get reading. Try again!
Failed to get reading. Try again!
Failed to get reading. Try again!
Failed to get reading. Try again!
Failed to get reading. Try again!
Failed to get reading. Try again!
Failed to get reading. Try again!
Failed to get reading. Try again!
Failed to get reading. Try again!
Failed to get reading. Try again!
Failed to get reading. Try again!
Failed to get reading. Try again!
Failed to get reading. Try again!
Failed to get reading. Try again!
Failed to get reading. Try again!
Failed to get reading. Try again!
Failed to get reading. Try again!
Failed to get reading. Try again!
Failed to get reading. Try again!
Failed to get reading. Try again!
Failed to get reading. Try again!
Failed to get reading. Try again!
Failed to get reading. Try again!
Failed to get reading. Try again!
Failed to get reading. Try again!
Failed to get reading. Try again!
Failed to get reading. Try again!
Failed to get reading. Try again!
Failed to get reading. Try again!
Failed to get reading. Try again!
Failed to get reading. Try again!
Failed to get reading. Try again!
Failed to get reading. Try again!
Failed to get reading. Try again!
Failed to get reading. Try again!
Failed to get reading. Try again!
Failed to get reading. Try again!
Failed to get reading. Try again!
Failed to get reading. Try again!
Failed to get reading. Try again!
Failed to get reading. Try again!
Failed to get reading. Try again!
Failed to get reading. Try again!
Failed to get reading. Try again!
Failed to get reading. Try again!
Failed to get reading. Try again!
Failed to get reading. Try again!
Failed to get reading. Try again!
Failed to get reading. Try again!
Failed to get reading. Try again!
Failed to get reading. Try again!
Failed to get reading. Try again!
Failed to get reading. Try again!
Failed to get reading. Try again!
Failed to get reading. Try again!
Failed to get reading. Try again!
Failed to get reading. Try again!
Failed to get reading. Try again!
Failed to get reading. Try again!
Failed to get reading. Try again!
Failed to get reading. Try again!
Failed to get reading. Try again!
Failed to get reading. Try again!
Failed to get reading. Try again!
Failed to get reading. Try again!
Failed to get reading. Try again!
Failed to get reading. Try again!
Failed to get reading. Try again!
Failed to get reading. Try again!
Failed to get reading. Try again!
Failed to get reading. Try again!
Failed to get reading. Try again!
Failed to get reading. Try again!
Failed to get reading. Try again!
Failed to get reading. Try again!
Failed to get reading. Try again!
Failed to get reading. Try again!
Failed to get reading. Try again!
Failed to get reading. Try again!
Failed to get reading. Try again!
Failed to get reading. Try again!
Failed to get reading. Try again!
Failed to get reading. Try again!
Failed to get reading. Try again!
Failed to get reading. Try again!
Failed to get reading. Try again!
Failed to get reading. Try again!
Failed to get reading. Try again!
Failed to get reading. Try again!
Failed to get reading. Try again!
Failed to get reading. Try again!
Failed to get reading. Try again!
Failed to get reading. Try again!
Failed to get reading. Try again!
Failed to get reading. Try again!
Failed to get reading. Try again!
Failed to get reading. Try again!
Failed to get reading. Try again!
Failed to get reading. Try again!
Failed to get reading. Try again!
Failed to get reading. Try again!
Failed to get reading. Try again!
Failed to get reading. Try again!
Failed to get reading. Try again!
Failed to get reading. Try again!
Failed to get reading. Try again!
Failed to get reading. Try again!
Failed to get reading. Try again!
Failed to get reading. Try again!
Failed to get reading. Try again!
Failed to get reading. Try again!
Failed to get reading. Try again!
Failed to get reading. Try again!
Failed to get reading. Try again!
Failed to get reading. Try again!
Failed to get reading. Try again!
