"2016-08-08 07:00:00","2016-08-08","25.26","","","","92.17","991.20","185.20"
"2016-08-08 08:00:00","2016-08-08","25.10","","","","92.68","991.84","179.68"
"2016-08-08 09:00:00","2016-08-08","26.39","","","","87.65","991.74","180.58"
"2016-08-08 10:00:00","2016-08-08","28.44","","","","68.02","991.06","186.40"
"2016-08-08 11:00:00","2016-08-08","30.09","","","","58.68","990.15","193.92"
"2016-08-08 12:00:00","2016-08-08","31.18","","","","52.79","989.24","201.79"
"2016-08-08 13:00:00","2016-08-08","30.96","","","","50.50","988.38","209.00"
"2016-08-08 14:00:00","2016-08-08","31.06","","","","44.91","987.83","213.76"
"2016-08-08 15:00:00","2016-08-08","29.89","","","","54.60","987.82","213.91"
"2016-08-08 16:00:00","2016-08-08","26.47","","","","82.32","988.48","208.14"
"2016-08-08 17:00:00","2016-08-08","24.89","","","","92.77","989.16","202.54"
"2016-08-08 18:00:00","2016-08-08","24.78","","","","93.07","990.22","193.58"
"2016-08-08 19:00:00","2016-08-08","25.21","","","","92.33","990.98","186.97"
"2016-08-08 20:00:00","2016-08-08","24.65","","","","93.37","991.43","183.19"
"2016-08-08 21:00:00","2016-08-08","24.54","","","","93.23","991.31","184.26"
"2016-08-08 22:00:00","2016-08-08","24.59","","","","93.95","991.01","186.74"
"2016-08-08 23:00:00","2016-08-08","24.51","","","","94.00","990.61","190.18"
"2016-08-09 00:00:00","2016-08-09","24.36","","","","94.00","990.15","194.15"
"2016-08-09 01:00:00","2016-08-09","24.31","","","","93.98","989.65","198.36"
"2016-08-09 02:00:00","2016-08-09","23.89","","","","94.00","989.28","201.48"
"2016-08-09 03:00:00","2016-08-09","23.67","","","","94.00","989.49","199.63"
"2016-08-09 04:00:00","2016-08-09","23.69","","","","94.00","989.63","198.43"
"2016-08-09 05:00:00","2016-08-09","23.58","","","","94.00","989.69","198.07"
"2016-08-09 06:00:00","2016-08-09","23.74","","","","94.00","990.37","192.12"
"2016-08-09 07:00:00","2016-08-09","25.01","","","","91.98","990.99","186.94"
"2016-08-09 08:00:00","2016-08-09","26.99","","","","77.05","991.10","185.91"
"2016-08-09 09:00:00","2016-08-09","29.15","","","","62.12","991.02","186.65"
"2016-08-09 10:00:00","2016-08-09","30.86","","","","53.95","990.52","190.86"
"2016-08-09 11:00:00","2016-08-09","31.46","","","","47.39","989.91","196.17"
"2016-08-09 12:00:00","2016-08-09","32.44","","","","40.91","988.88","204.79"
"2016-08-09 13:00:00","2016-08-09","33.07","","","","38.03","987.91","213.07"
"2016-08-09 14:00:00","2016-08-09","32.35","","","","38.74","987.28","218.46"
"2016-08-09 15:00:00","2016-08-09","31.04","","","","42.84","987.55","216.12"
"2016-08-09 16:00:00","2016-08-09","30.19","","","","53.25","987.97","212.56"
"2016-08-09 17:00:00","2016-08-09","26.28","","","","82.68","989.16","202.50"
"2016-08-09 18:00:00","2016-08-09","25.06","","","","91.89","989.90","196.21"
"2016-08-09 19:00:00","2016-08-09","24.74","","","","92.95","990.79","188.70"
"2016-08-09 20:00:00","2016-08-09","24.60","","","","93.00","991.03","186.59"
"2016-08-09 21:00:00","2016-08-09","24.67","","","","94.00","991.72","180.82"
"2016-08-09 22:00:00","2016-08-09","24.61","","","","94.00","991.56","182.10"
"2016-08-09 23:00:00","2016-08-09","24.56","","","","94.00","991.35","183.86"
"2016-08-10 00:00:00","2016-08-10","24.48","","","","94.00","990.87","187.91"
"2016-08-10 01:00:00","2016-08-10","24.43","","","","94.00","990.63","190.04"
"2016-08-10 02:00:00","2016-08-10","24.12","","","","94.00","990.04","194.96"
"2016-08-10 03:00:00","2016-08-10","23.59","","","","94.00","990.09","194.68"
"2016-08-10 04:00:00","2016-08-10","23.20","","","","94.28","990.13","194.22"
"2016-08-10 05:00:00","2016-08-10","22.72","","","","93.93","990.49","191.10"
"2016-08-10 06:00:00","2016-08-10","23.66","","","","89.24","991.26","184.66"
"2016-08-10 07:00:00","2016-08-10","27.20","","","","67.58","991.35","183.94"
"2016-08-10 08:00:00","2016-08-10","29.14","","","","60.28","991.14","185.69"
"2016-08-10 09:00:00","2016-08-10","30.72","","","","52.44","990.59","190.49"
"2016-08-10 10:00:00","2016-08-10","31.89","","","","44.46","989.69","197.85"
"2016-08-10 11:00:00","2016-08-10","33.11","","","","40.75","988.51","207.92"
"2016-08-10 12:00:00","2016-08-10","33.65","","","","38.05","987.62","215.53"
"2016-08-10 13:00:00","2016-08-10","34.02","","","","36.07","987.16","219.36"
"2016-08-10 14:00:00","2016-08-10","33.65","","","","34.09","987.13","219.79"
"2016-08-10 15:00:00","2016-08-10","31.54","","","","42.77","987.85","213.65"
"2016-08-10 16:00:00","2016-08-10","29.75","","","","57.16","988.44","208.48"
"2016-08-10 17:00:00","2016-08-10","28.94","","","","65.63","989.13","202.76"
"2016-08-10 18:00:00","2016-08-10","28.41","","","","71.25","989.99","195.40"
"2016-08-10 19:00:00","2016-08-10","26.54","","","","89.58","991.03","186.52"
"2016-08-10 21:00:00","2016-08-10","25.34","","","","92.47","991.61","181.62"
"2016-08-10 22:00:00","2016-08-10","24.60","","","","92.98","991.61","181.66"
"2016-08-10 23:00:00","2016-08-10","24.57","","","","93.00","991.10","185.93"
"2016-08-11 00:00:00","2016-08-11","24.57","","","","93.00","990.43","191.62"
"2016-08-11 01:00:00","2016-08-11","24.56","","","","93.60","990.28","192.90"
"2016-08-11 02:00:00","2016-08-11","24.53","","","","93.07","989.89","196.33"
"2016-08-11 03:00:00","2016-08-11","24.54","","","","93.89","989.89","196.25"
"2016-08-11 04:00:00","2016-08-11","24.41","","","","94.00","990.17","194.01"
"2016-08-11 05:00:00","2016-08-11","24.40","","","","93.61","990.68","189.67"
"2016-08-11 06:00:00","2016-08-11","24.44","","","","92.98","991.19","185.22"
"2016-08-11 07:00:00","2016-08-11","25.11","","","","91.15","991.84","179.81"
"2016-08-11 08:00:00","2016-08-11","26.58","","","","85.61","992.07","177.76"
"2016-08-11 09:00:00","2016-08-11","28.62","","","","67.39","991.38","183.51"
"2016-08-11 10:00:00","2016-08-11","29.96","","","","60.95","991.19","185.27"
"2016-08-11 11:00:00","2016-08-11","31.19","","","","55.35","990.71","189.26"
"2016-08-11 12:00:00","2016-08-11","30.70","","","","51.05","989.81","196.87"
"2016-08-11 13:00:00","2016-08-11","31.28","","","","42.64","988.94","204.32"
"2016-08-11 14:00:00","2016-08-11","32.36","","","","37.07","988.33","209.53"
"2016-08-11 15:00:00","2016-08-11","32.16","","","","36.47","988.23","210.48"
"2016-08-11 16:00:00","2016-08-11","29.80","","","","55.46","988.92","204.42"
"2016-08-11 17:00:00","2016-08-11","27.65","","","","70.98","989.77","197.28"
"2016-08-11 18:00:00","2016-08-11","25.80","","","","89.38","990.25","193.37"
"2016-08-11 19:00:00","2016-08-11","25.77","","","","92.00","990.94","187.40"
"2016-08-11 20:00:00","2016-08-11","25.64","","","","92.00","991.73","180.59"
"2016-08-11 21:00:00","2016-08-11","25.42","","","","92.40","992.09","177.71"
"2016-08-11 22:00:00","2016-08-11","24.97","","","","92.61","992.42","174.84"
"2016-08-11 23:00:00","2016-08-11","24.85","","","","92.72","992.36","175.15"
"2016-08-12 00:00:00","2016-08-12","24.74","","","","93.09","991.81","179.91"
"2016-08-12 01:00:00","2016-08-12","24.64","","","","93.00","991.17","185.39"
"2016-08-12 02:00:00","2016-08-12","24.55","","","","93.39","990.72","189.18"
"2016-08-12 03:00:00","2016-08-12","24.15","","","","93.25","990.52","191.02"
"2016-08-12 04:00:00","2016-08-12","23.67","","","","93.02","990.58","190.29"
"2016-08-12 05:00:00","2016-08-12","23.60","","","","92.41","990.72","189.13"
"2016-08-12 06:00:00","2016-08-12","23.45","","","","91.56","991.27","184.59"
"2016-08-12 07:00:00","2016-08-12","24.10","","","","86.90","991.63","181.45"
"2016-08-12 08:00:00","2016-08-12","25.81","","","","73.26","992.00","178.42"
"2016-08-12 09:00:00","2016-08-12","28.33","","","","60.53","991.43","183.16"
"2016-08-12 10:00:00","2016-08-12","30.13","","","","50.02","990.78","188.71"
"2016-08-12 11:00:00","2016-08-12","31.41","","","","43.79","989.93","195.90"
"2016-08-12 12:00:00","2016-08-12","32.76","","","","39.54","989.03","203.64"
"2016-08-12 13:00:00","2016-08-12","33.05","","","","37.70","988.20","210.61"
"2016-08-12 14:00:00","2016-08-12","31.30","","","","39.35","988.00","212.39"
"2016-08-12 15:00:00","2016-08-12","31.01","","","","40.61","987.75","214.52"
"2016-08-12 16:00:00","2016-08-12","30.92","","","","41.07","988.26","210.07"
"2016-08-12 17:00:00","2016-08-12","29.54","","","","55.05","988.64","206.86"
"2016-08-12 18:00:00","2016-08-12","28.29","","","","65.68","989.42","200.28"
"2016-08-12 19:00:00","2016-08-12","25.96","","","","89.46","990.65","189.82"
"2016-08-12 20:00:00","2016-08-12","25.88","","","","92.00","991.02","186.62"
"2016-08-12 21:00:00","2016-08-12","25.57","","","","92.04","991.09","186.05"
"2016-08-12 22:00:00","2016-08-12","25.56","","","","92.62","991.23","184.95"
"2016-08-12 23:00:00","2016-08-12","25.56","","","","92.86","991.01","186.74"
"2016-08-13 00:00:00","2016-08-13","25.45","","","","92.11","990.40","191.83"
"2016-08-13 01:00:00","2016-08-13","25.23","","","","92.05","989.65","198.32"
"2016-08-13 02:00:00","2016-08-13","25.20","","","","91.81","989.38","200.62"
"2016-08-13 03:00:00","2016-08-13","24.72","","","","92.79","989.25","201.77"
"2016-08-13 04:00:00","2016-08-13","24.64","","","","92.89","989.38","200.58"
"2016-08-13 05:00:00","2016-08-13","24.66","","","","92.88","989.87","196.51"
"2016-08-13 06:00:00","2016-08-13","24.51","","","","92.67","990.50","191.09"
"2016-08-13 07:00:00","2016-08-13","24.97","","","","92.46","991.14","185.63"
"2016-08-13 08:00:00","2016-08-13","25.99","","","","89.21","991.49","182.73"
"2016-08-13 09:00:00","2016-08-13","28.92","","","","58.14","990.99","186.98"
"2016-08-13 10:00:00","2016-08-13","29.62","","","","52.26","990.52","190.81"
"2016-08-13 11:00:00","2016-08-13","29.93","","","","47.53","989.78","197.31"
"2016-08-13 12:00:00","2016-08-13","28.31","","","","56.05","989.34","200.99"
"2016-08-13 13:00:00","2016-08-13","28.93","","","","61.11","988.24","210.26"
"2016-08-13 14:00:00","2016-08-13","29.15","","","","56.91","987.26","218.67"
"2016-08-13 15:00:00","2016-08-13","29.71","","","","53.75","987.01","220.59"
"2016-08-13 16:00:00","2016-08-13","28.94","","","","57.18","987.53","216.35"
"2016-08-13 17:00:00","2016-08-13","28.34","","","","58.47","987.92","213.00"
"2016-08-13 18:00:00","2016-08-13","27.57","","","","58.21","988.78","205.84"
"2016-08-13 19:00:00","2016-08-13","25.32","","","","79.41","989.74","197.53"
"2016-08-13 20:00:00","2016-08-13","24.54","","","","91.00","990.34","192.51"
"2016-08-13 21:00:00","2016-08-13","24.74","","","","92.68","990.84","188.39"
"2016-08-13 22:00:00","2016-08-13","24.49","","","","92.98","990.92","187.47"
"2016-08-13 23:00:00","2016-08-13","24.51","","","","92.96","990.53","190.81"
"2016-08-14 00:00:00","2016-08-14","24.47","","","","93.40","989.64","198.40"
"2016-08-14 01:00:00","2016-08-14","24.58","","","","93.02","988.57","207.43"
"2016-08-14 02:00:00","2016-08-14","24.44","","","","86.23","988.32","209.59"
"2016-08-14 03:00:00","2016-08-14","24.02","","","","90.26","988.27","210.05"
"2016-08-14 04:00:00","2016-08-14","24.11","","","","93.00","988.38","208.92"
"2016-08-14 05:00:00","2016-08-14","24.25","","","","93.00","988.73","206.04"
"2016-08-14 06:00:00","2016-08-14","24.33","","","","92.61","989.46","199.85"
"2016-08-14 07:00:00","2016-08-14","25.41","","","","81.82","990.17","193.85"
"2016-08-14 08:00:00","2016-08-14","27.07","","","","68.46","990.94","187.33"
"2016-08-14 09:00:00","2016-08-14","28.40","","","","63.12","990.86","187.94"
"2016-08-14 10:00:00","2016-08-14","29.25","","","","60.12","990.15","194.04"
"2016-08-14 11:00:00","2016-08-14","30.81","","","","46.96","989.28","201.32"
"2016-08-14 12:00:00","2016-08-14","31.10","","","","43.70","988.25","210.20"
"2016-08-14 13:00:00","2016-08-14","30.53","","","","46.68","987.54","216.19"
"2016-08-14 14:00:00","2016-08-14","29.21","","","","55.67","987.33","218.04"
"2016-08-14 15:00:00","2016-08-14","28.14","","","","63.73","987.34","217.88"
"2016-08-14 16:00:00","2016-08-14","26.65","","","","72.16","987.74","214.37"
"2016-08-14 17:00:00","2016-08-14","26.08","","","","75.93","988.32","209.62"
"2016-08-14 18:00:00","2016-08-14","25.07","","","","84.00","989.17","202.28"
"2016-08-14 19:00:00","2016-08-14","24.29","","","","92.95","990.18","193.84"
"2016-08-14 20:00:00","2016-08-14","23.74","","","","93.88","990.92","187.52"
"2016-08-14 21:00:00","2016-08-14","23.65","","","","94.00","991.29","184.41"
"2016-08-14 22:00:00","2016-08-14","23.55","","","","94.05","991.01","186.71"
"2016-08-14 23:00:00","2016-08-14","23.65","","","","94.00","990.49","191.19"
"2016-08-15 00:00:00","2016-08-15","23.63","","","","94.00","989.86","196.52"
"2016-08-15 01:00:00","2016-08-15","23.58","","","","94.00","989.02","203.59"
"2016-08-15 02:00:00","2016-08-15","23.60","","","","94.00","988.54","207.64"
"2016-08-15 03:00:00","2016-08-15","23.58","","","","93.67","988.33","209.48"
"2016-08-15 04:00:00","2016-08-15","23.61","","","","94.00","988.61","207.04"
"2016-08-15 05:00:00","2016-08-15","23.68","","","","94.00","989.27","201.58"
"2016-08-15 06:00:00","2016-08-15","23.95","","","","93.60","990.02","195.24"
"2016-08-15 07:00:00","2016-08-15","24.89","","","","91.96","990.82","188.49"
"2016-08-15 08:00:00","2016-08-15","27.32","","","","72.64","991.14","185.66"
"2016-08-15 09:00:00","2016-08-15","28.45","","","","65.90","991.17","185.50"
"2016-08-15 10:00:00","2016-08-15","29.70","","","","55.34","990.46","191.40"
"2016-08-15 11:00:00","2016-08-15","30.78","","","","51.63","989.44","200.04"
"2016-08-15 12:00:00","2016-08-15","31.40","","","","49.36","988.37","209.14"
"2016-08-15 13:00:00","2016-08-15","32.28","","","","40.89","987.22","218.91"
"2016-08-15 14:00:00","2016-08-15","32.42","","","","36.91","986.50","225.01"
"2016-08-15 15:00:00","2016-08-15","31.03","","","","38.35","986.25","227.09"
"2016-08-15 16:00:00","2016-08-15","30.21","","","","40.18","986.48","225.24"
"2016-08-15 17:00:00","2016-08-15","29.31","","","","46.14","987.43","217.21"
"2016-08-15 18:00:00","2016-08-15","28.46","","","","56.11","988.08","211.71"
"2016-08-15 19:00:00","2016-08-15","27.99","","","","60.65","988.93","204.47"
"2016-08-15 20:00:00","2016-08-15","27.69","","","","66.64","989.53","199.38"
"2016-08-15 21:00:00","2016-08-15","26.96","","","","74.54","990.04","195.04"
"2016-08-15 22:00:00","2016-08-15","26.42","","","","81.49","990.20","193.67"
"2016-08-15 23:00:00","2016-08-15","25.82","","","","82.00","990.06","194.84"
"2016-08-16 00:00:00","2016-08-16","25.51","","","","85.58","989.47","199.75"
"2016-08-16 01:00:00","2016-08-16","25.63","","","","89.98","988.92","204.56"
"2016-08-16 02:00:00","2016-08-16","25.16","","","","90.63","988.59","207.31"
"2016-08-16 03:00:00","2016-08-16","24.87","","","","92.68","988.58","207.41"
"2016-08-16 04:00:00","2016-08-16","24.58","","","","89.34","988.52","207.88"
"2016-08-16 05:00:00","2016-08-16","24.47","","","","90.05","988.64","206.89"
"2016-08-16 06:00:00","2016-08-16","24.74","","","","90.75","989.29","201.36"
"2016-08-16 07:00:00","2016-08-16","25.64","","","","83.70","990.01","195.27"
"2016-08-16 08:00:00","2016-08-16","28.09","","","","66.48","990.44","191.55"
"2016-08-16 09:00:00","2016-08-16","29.61","","","","57.21","990.25","193.28"
"2016-08-16 10:00:00","2016-08-16","30.58","","","","49.85","990.29","192.74"
"2016-08-16 11:00:00","2016-08-16","30.86","","","","44.65","989.91","196.12"
"2016-08-16 12:00:00","2016-08-16","30.60","","","","42.45","989.30","201.23"
"2016-08-16 13:00:00","2016-08-16","30.79","","","","44.21","988.51","208.08"
"2016-08-16 14:00:00","2016-08-16","27.82","","","","53.41","988.89","204.69"
"2016-08-16 15:00:00","2016-08-16","25.71","","","","66.84","990.00","195.37"
"2016-08-16 16:00:00","2016-08-16","25.28","","","","70.05","990.27","193.00"
"2016-08-16 17:00:00","2016-08-16","25.04","","","","72.00","990.81","188.48"
"2016-08-16 22:00:00","2016-08-16","24.42","","","","77.82","990.83","188.29"
"2016-08-16 23:00:00","2016-08-16","23.75","","","","81.54","990.50","191.25"
"2016-08-17 00:00:00","2016-08-17","23.56","","","","80.25","990.18","193.76"
"2016-08-17 01:00:00","2016-08-17","23.58","","","","82.63","990.15","194.09"
"2016-08-17 02:00:00","2016-08-17","23.53","","","","83.96","989.52","199.39"
"2016-08-17 03:00:00","2016-08-17","22.94","","","","90.35","989.15","202.50"
"2016-08-17 04:00:00","2016-08-17","22.60","","","","90.88","989.50","199.64"
"2016-08-17 05:00:00","2016-08-17","22.47","","","","88.70","989.87","196.44"
"2016-08-17 06:00:00","2016-08-17","22.65","","","","86.54","990.22","193.39"
"2016-08-17 07:00:00","2016-08-17","24.79","","","","74.44","990.71","189.38"
"2016-08-17 08:00:00","2016-08-17","27.50","","","","58.48","991.19","185.31"
"2016-08-17 09:00:00","2016-08-17","30.03","","","","43.88","991.09","186.11"
"2016-08-17 10:00:00","2016-08-17","31.36","","","","38.84","990.33","192.56"
"2016-08-17 11:00:00","2016-08-17","33.71","","","","35.53","989.36","200.91"
"2016-08-17 12:00:00","2016-08-17","34.74","","","","35.10","988.07","211.78"
"2016-08-17 13:00:00","2016-08-17","34.76","","","","33.28","986.88","221.85"
"2016-08-17 14:00:00","2016-08-17","35.05","","","","33.04","986.11","228.32"
"2016-08-17 15:00:00","2016-08-17","34.22","","","","33.68","985.91","230.13"
"2016-08-17 16:00:00","2016-08-17","32.72","","","","34.53","985.87","230.41"
"2016-08-17 17:00:00","2016-08-17","30.59","","","","52.58","986.33","226.47"
"2016-08-17 18:00:00","2016-08-17","27.28","","","","71.40","987.85","213.57"
"2016-08-17 19:00:00","2016-08-17","24.72","","","","90.98","989.07","203.15"
"2016-08-17 20:00:00","2016-08-17","24.85","","","","92.16","989.72","197.71"
"2016-08-17 21:00:00","2016-08-17","25.40","","","","91.58","989.84","196.68"
"2016-08-17 22:00:00","2016-08-17","25.41","","","","91.18","989.54","199.17"
"2016-08-17 23:00:00","2016-08-17","25.25","","","","90.32","989.19","202.20"
"2016-08-18 00:00:00","2016-08-18","24.64","","","","91.80","988.65","206.81"
"2016-08-18 01:00:00","2016-08-18","24.67","","","","92.68","988.22","210.50"
"2016-08-18 02:00:00","2016-08-18","24.94","","","","92.54","987.68","215.06"
"2016-08-18 03:00:00","2016-08-18","24.76","","","","92.62","987.50","216.53"
"2016-08-18 04:00:00","2016-08-18","24.67","","","","93.61","987.92","213.05"
"2016-08-18 05:00:00","2016-08-18","24.64","","","","93.98","988.89","204.87"
"2016-08-18 06:00:00","2016-08-18","24.89","","","","93.36","989.36","200.81"
"2016-08-18 07:00:00","2016-08-18","25.69","","","","90.06","989.85","196.59"
"2016-08-18 08:00:00","2016-08-18","26.46","","","","80.15","990.33","192.61"
"2016-08-18 09:00:00","2016-08-18","26.49","","","","80.54","990.72","189.17"
"2016-08-18 10:00:00","2016-08-18","27.57","","","","74.65","990.07","194.74"
"2016-08-18 11:00:00","2016-08-18","29.48","","","","60.84","989.25","201.73"
"2016-08-18 12:00:00","2016-08-18","31.05","","","","55.18","988.19","210.59"
"2016-08-18 13:00:00","2016-08-18","31.50","","","","46.95","987.10","219.96"
"2016-08-18 14:00:00","2016-08-18","31.18","","","","43.89","986.38","226.05"
"2016-08-18 15:00:00","2016-08-18","28.51","","","","66.30","986.24","227.28"
"2016-08-18 16:00:00","2016-08-18","28.00","","","","69.19","986.15","228.03"
"2016-08-18 17:00:00","2016-08-18","27.45","","","","71.75","986.16","228.00"
"2016-08-18 18:00:00","2016-08-18","26.62","","","","75.70","986.84","222.29"
"2016-08-18 19:00:00","2016-08-18","26.28","","","","82.65","987.32","218.18"
"2016-08-18 20:00:00","2016-08-18","26.01","","","","81.95","988.03","212.09"
"2016-08-18 21:00:00","2016-08-18","25.44","","","","86.77","988.53","207.72"
"2016-08-18 22:00:00","2016-08-18","25.39","","","","84.29","988.49","208.04"
"2016-08-18 23:00:00","2016-08-18","24.65","","","","89.21","988.47","208.29"
"2016-08-19 00:00:00","2016-08-19","24.48","","","","91.00","988.08","211.58"
"2016-08-19 01:00:00","2016-08-19","23.84","","","","91.00","987.75","214.42"
"2016-08-19 02:00:00","2016-08-19","23.62","","","","90.89","987.53","216.19"
"2016-08-19 03:00:00","2016-08-19","23.53","","","","84.58","987.33","217.99"
"2016-08-19 04:00:00","2016-08-19","23.66","","","","79.09","987.43","217.22"
"2016-08-19 05:00:00","2016-08-19","23.59","","","","81.51","987.71","214.78"
"2016-08-19 06:00:00","2016-08-19","23.63","","","","81.61","988.12","211.30"
"2016-08-19 07:00:00","2016-08-19","24.84","","","","76.67","988.84","205.19"
"2016-08-19 08:00:00","2016-08-19","27.37","","","","63.19","989.39","200.54"
"2016-08-19 09:00:00","2016-08-19","29.67","","","","55.75","988.98","203.95"
"2016-08-19 10:00:00","2016-08-19","31.72","","","","45.84","988.31","209.66"
"2016-08-19 11:00:00","2016-08-19","33.37","","","","39.09","987.68","215.00"
"2016-08-19 12:00:00","2016-08-19","34.06","","","","36.66","986.88","221.89"
"2016-08-19 13:00:00","2016-08-19","34.44","","","","35.02","986.19","227.83"
"2016-08-19 14:00:00","2016-08-19","34.53","","","","34.11","985.40","234.51"
"2016-08-19 15:00:00","2016-08-19","33.82","","","","34.66","985.02","237.71"
"2016-08-19 16:00:00","2016-08-19","28.67","","","","60.93","985.54","233.30"
"2016-08-19 17:00:00","2016-08-19","26.18","","","","88.66","986.92","221.60"
"2016-08-19 18:00:00","2016-08-19","25.71","","","","90.16","987.31","218.30"
"2016-08-19 19:00:00","2016-08-19","25.73","","","","89.14","988.09","211.56"
"2016-08-19 20:00:00","2016-08-19","25.49","","","","90.12","989.24","201.80"
"2016-08-19 21:00:00","2016-08-19","25.15","","","","91.81","989.74","197.48"
"2016-08-19 22:00:00","2016-08-19","24.85","","","","92.81","989.76","197.34"
"2016-08-19 23:00:00","2016-08-19","24.75","","","","90.20","989.33","200.98"
"2016-08-20 00:00:00","2016-08-20","24.42","","","","79.09","988.60","207.39"
"2016-08-20 01:00:00","2016-08-20","23.98","","","","83.25","987.92","213.10"
"2016-08-20 02:00:00","2016-08-20","23.79","","","","86.20","987.64","215.36"
"2016-08-20 03:00:00","2016-08-20","23.62","","","","91.21","987.76","214.38"
"2016-08-20 04:00:00","2016-08-20","23.61","","","","92.82","987.81","213.93"
"2016-08-20 05:00:00","2016-08-20","23.59","","","","79.25","988.20","210.64"
"2016-08-20 06:00:00","2016-08-20","23.38","","","","88.12","988.86","205.01"
"2016-08-20 07:00:00","2016-08-20","24.82","","","","77.65","989.29","201.52"
"2016-08-20 08:00:00","2016-08-20","26.76","","","","62.93","989.66","198.29"
"2016-08-20 09:00:00","2016-08-20","29.50","","","","50.61","989.74","197.51"
"2016-08-20 10:00:00","2016-08-20","31.34","","","","40.98","989.13","202.74"
"2016-08-20 11:00:00","2016-08-20","32.70","","","","37.77","988.28","209.99"
"2016-08-20 12:00:00","2016-08-20","33.61","","","","35.28","987.18","219.29"
"2016-08-20 13:00:00","2016-08-20","34.12","","","","34.11","986.29","226.76"
"2016-08-20 14:00:00","2016-08-20","33.99","","","","33.98","985.60","232.67"
"2016-08-20 15:00:00","2016-08-20","33.24","","","","34.18","985.61","232.63"
"2016-08-20 16:00:00","2016-08-20","31.50","","","","36.75","985.96","229.69"
"2016-08-20 17:00:00","2016-08-20","29.72","","","","43.42","986.52","224.93"
"2016-08-20 18:00:00","2016-08-20","28.90","","","","49.88","987.29","218.32"
"2016-08-20 19:00:00","2016-08-20","27.82","","","","58.58","988.25","210.18"
"2016-08-20 20:00:00","2016-08-20","25.59","","","","89.86","988.99","203.82"
"2016-08-20 21:00:00","2016-08-20","25.18","","","","92.46","989.51","199.43"
"2016-08-20 22:00:00","2016-08-20","24.75","","","","92.96","989.55","199.03"
"2016-08-20 23:00:00","2016-08-20","24.66","","","","93.00","989.18","202.41"
"2016-08-21 00:00:00","2016-08-21","24.88","","","","92.88","988.79","205.59"
"2016-08-21 01:00:00","2016-08-21","24.93","","","","92.74","988.44","208.64"
"2016-08-21 02:00:00","2016-08-21","24.64","","","","93.79","988.30","209.68"
"2016-08-21 03:00:00","2016-08-21","24.61","","","","94.00","987.97","212.70"
"2016-08-21 04:00:00","2016-08-21","24.30","","","","93.20","988.11","211.30"
"2016-08-21 05:00:00","2016-08-21","23.68","","","","93.54","988.51","207.89"
"2016-08-21 06:00:00","2016-08-21","23.97","","","","92.47","988.74","206.07"
"2016-08-21 07:00:00","2016-08-21","24.87","","","","85.44","989.34","200.86"
"2016-08-21 08:00:00","2016-08-21","27.07","","","","72.53","989.86","196.51"
"2016-08-21 09:00:00","2016-08-21","29.69","","","","56.21","989.59","198.75"
"2016-08-21 10:00:00","2016-08-21","31.44","","","","43.14","989.09","203.09"
"2016-08-21 11:00:00","2016-08-21","32.90","","","","38.54","988.15","210.97"
"2016-08-21 12:00:00","2016-08-21","33.35","","","","36.77","987.54","216.27"
"2016-08-21 13:00:00","2016-08-21","33.46","","","","36.59","986.87","221.90"
"2016-08-21 14:00:00","2016-08-21","33.01","","","","36.67","986.38","226.00"
"2016-08-21 15:00:00","2016-08-21","30.33","","","","40.12","986.34","226.41"
"2016-08-21 16:00:00","2016-08-21","28.04","","","","57.95","986.56","224.58"
"2016-08-21 17:00:00","2016-08-21","26.37","","","","80.98","987.16","219.47"
"2016-08-21 18:00:00","2016-08-21","25.57","","","","88.02","988.03","211.94"
"2016-08-21 19:00:00","2016-08-21","25.56","","","","86.62","988.70","206.26"
"2016-08-21 20:00:00","2016-08-21","25.06","","","","90.21","989.40","200.34"
"2016-08-21 21:00:00","2016-08-21","24.79","","","","92.18","989.55","199.12"
"2016-08-21 22:00:00","2016-08-21","24.66","","","","92.23","989.14","202.67"
"2016-08-21 23:00:00","2016-08-21","24.23","","","","92.25","989.10","203.08"
"2016-08-22 00:00:00","2016-08-22","23.83","","","","93.00","988.81","205.36"
"2016-08-22 01:00:00","2016-08-22","23.54","","","","93.00","988.55","207.63"
"2016-08-22 02:00:00","2016-08-22","23.55","","","","90.75","988.22","210.43"
"2016-08-22 03:00:00","2016-08-22","23.32","","","","91.74","988.03","212.04"
"2016-08-22 04:00:00","2016-08-22","22.76","","","","93.96","988.35","209.43"
"2016-08-22 05:00:00","2016-08-22","23.13","","","","93.45","988.71","206.28"
"2016-08-22 06:00:00","2016-08-22","23.20","","","","92.07","989.14","202.68"
"2016-08-22 07:00:00","2016-08-22","24.21","","","","84.88","989.32","200.95"
"2016-08-22 08:00:00","2016-08-22","26.29","","","","64.16","989.71","197.90"
"2016-08-22 09:00:00","2016-08-22","28.71","","","","52.68","989.66","198.24"
"2016-08-22 10:00:00","2016-08-22","30.66","","","","44.02","988.94","204.31"
"2016-08-22 11:00:00","2016-08-22","32.25","","","","40.49","987.90","213.25"
"2016-08-22 12:00:00","2016-08-22","33.36","","","","37.30","986.70","223.37"
"2016-08-22 13:00:00","2016-08-22","33.82","","","","35.91","985.75","231.38"
"2016-08-22 14:00:00","2016-08-22","33.42","","","","36.11","985.33","234.92"
"2016-08-22 15:00:00","2016-08-22","31.53","","","","38.23","985.58","232.89"
"2016-08-22 16:00:00","2016-08-22","29.80","","","","47.84","986.17","227.91"
"2016-08-22 17:00:00","2016-08-22","28.95","","","","55.07","986.83","222.27"
"2016-08-22 18:00:00","2016-08-22","28.39","","","","58.89","987.37","217.73"
"2016-08-22 19:00:00","2016-08-22","26.78","","","","74.91","988.15","211.18"
"2016-08-22 20:00:00","2016-08-22","24.65","","","","92.89","988.69","206.60"
"2016-08-22 21:00:00","2016-08-22","24.12","","","","91.49","989.14","202.63"
"2016-08-22 22:00:00","2016-08-22","24.10","","","","93.00","989.01","203.74"
"2016-08-22 23:00:00","2016-08-22","24.44","","","","92.98","988.60","207.20"
"2016-08-23 00:00:00","2016-08-23","24.50","","","","93.00","988.24","210.29"
"2016-08-23 01:00:00","2016-08-23","24.46","","","","93.00","987.91","213.02"
"2016-08-23 02:00:00","2016-08-23","24.38","","","","93.00","987.56","216.18"
"2016-08-23 03:00:00","2016-08-23","23.93","","","","93.00","987.28","218.45"
"2016-08-23 04:00:00","2016-08-23","23.66","","","","93.23","987.19","219.18"
"2016-08-23 05:00:00","2016-08-23","23.31","","","","94.27","987.51","216.57"
"2016-08-23 06:00:00","2016-08-23","23.61","","","","93.00","987.99","212.42"
"2016-08-23 07:00:00","2016-08-23","24.66","","","","87.18","988.05","211.90"
"2016-08-23 08:00:00","2016-08-23","26.56","","","","72.58","988.73","206.03"
"2016-08-23 09:00:00","2016-08-23","28.90","","","","53.86","988.61","207.15"
"2016-08-23 10:00:00","2016-08-23","31.10","","","","42.19","987.94","212.67"
"2016-08-23 11:00:00","2016-08-23","32.46","","","","37.67","986.88","221.83"
"2016-08-23 12:00:00","2016-08-23","33.51","","","","35.91","985.82","230.80"
"2016-08-23 13:00:00","2016-08-23","34.06","","","","36.42","984.95","238.25"
"2016-08-23 14:00:00","2016-08-23","33.90","","","","35.61","984.66","240.59"
"2016-08-23 15:00:00","2016-08-23","31.50","","","","41.21","984.85","239.12"
"2016-08-23 16:00:00","2016-08-23","29.80","","","","52.00","984.89","238.79"
"2016-08-23 17:00:00","2016-08-23","29.08","","","","55.18","985.41","234.39"
"2016-08-23 18:00:00","2016-08-23","28.40","","","","58.96","985.87","230.46"
"2016-08-23 19:00:00","2016-08-23","28.01","","","","64.33","986.61","224.02"
"2016-08-23 20:00:00","2016-08-23","26.11","","","","80.14","987.27","218.56"
"2016-08-23 21:00:00","2016-08-23","25.71","","","","89.23","987.77","214.36"
"2016-08-23 22:00:00","2016-08-23","25.17","","","","92.12","987.93","212.89"
"2016-08-23 23:00:00","2016-08-23","24.60","","","","92.47","987.74","214.51"
"2016-08-24 00:00:00","2016-08-24","24.61","","","","91.79","987.29","218.47"
"2016-08-24 01:00:00","2016-08-24","24.55","","","","90.72","987.05","220.34"
"2016-08-24 02:00:00","2016-08-24","24.48","","","","91.57","986.95","221.21"
"2016-08-24 03:00:00","2016-08-24","24.07","","","","92.47","986.82","222.36"
"2016-08-24 04:00:00","2016-08-24","24.10","","","","91.18","986.79","222.65"
"2016-08-24 05:00:00","2016-08-24","24.19","","","","93.00","987.06","220.32"
"2016-08-24 06:00:00","2016-08-24","24.52","","","","93.00","987.78","214.13"
"2016-08-24 07:00:00","2016-08-24","25.29","","","","88.77","988.67","206.67"
"2016-08-24 08:00:00","2016-08-24","27.01","","","","66.37","989.04","203.47"
"2016-08-24 09:00:00","2016-08-24","28.92","","","","56.51","988.54","207.77"
"2016-08-24 10:00:00","2016-08-24","30.63","","","","49.60","987.69","214.96"
"2016-08-24 11:00:00","2016-08-24","32.15","","","","41.89","986.77","222.82"
"2016-08-24 12:00:00","2016-08-24","32.84","","","","39.53","985.95","229.95"
"2016-08-24 13:00:00","2016-08-24","33.42","","","","37.21","985.20","236.05"
"2016-08-24 14:00:00","2016-08-24","33.00","","","","36.93","984.84","239.25"
"2016-08-24 15:00:00","2016-08-24","31.74","","","","38.75","984.93","238.36"
"2016-08-24 16:00:00","2016-08-24","31.10","","","","43.02","985.32","235.11"
"2016-08-24 17:00:00","2016-08-24","29.20","","","","56.50","985.81","230.87"
"2016-08-24 18:00:00","2016-08-24","27.70","","","","68.30","986.74","223.07"
"2016-08-24 19:00:00","2016-08-24","26.32","","","","70.32","987.68","215.10"
"2016-08-24 20:00:00","2016-08-24","26.34","","","","71.22","988.21","210.50"
"2016-08-24 21:00:00","2016-08-24","25.68","","","","76.90","988.27","210.11"
"2016-08-24 22:00:00","2016-08-24","25.80","","","","81.74","988.33","209.43"
"2016-08-24 23:00:00","2016-08-24","25.49","","","","89.91","988.28","209.85"
"2016-08-25 00:00:00","2016-08-25","24.88","","","","90.75","988.19","210.74"
"2016-08-25 01:00:00","2016-08-25","24.49","","","","91.00","987.66","215.26"
"2016-08-25 02:00:00","2016-08-25","23.90","","","","88.32","987.18","219.14"
"2016-08-25 03:00:00","2016-08-25","23.50","","","","84.36","987.29","218.33"
"2016-08-25 04:00:00","2016-08-25","23.20","","","","83.98","987.69","214.93"
"2016-08-25 05:00:00","2016-08-25","22.76","","","","84.77","988.19","210.60"
"2016-08-25 06:00:00","2016-08-25","22.93","","","","84.35","988.72","206.19"
"2016-08-25 07:00:00","2016-08-25","24.36","","","","75.43","989.49","199.79"
"2016-08-25 08:00:00","2016-08-25","26.44","","","","67.18","989.85","196.55"
"2016-08-25 09:00:00","2016-08-25","28.78","","","","55.93","989.99","195.39"
"2016-08-25 10:00:00","2016-08-25","30.36","","","","47.40","989.39","200.47"
"2016-08-25 11:00:00","2016-08-25","31.12","","","","41.96","988.56","207.65"
"2016-08-25 12:00:00","2016-08-25","30.84","","","","40.89","987.66","215.28"
"2016-08-25 13:00:00","2016-08-25","30.61","","","","42.23","986.65","223.65"
"2016-08-25 14:00:00","2016-08-25","28.76","","","","50.35","986.50","225.06"
"2016-08-25 15:00:00","2016-08-25","28.22","","","","53.11","986.71","223.19"
"2016-08-25 16:00:00","2016-08-25","28.11","","","","55.39","987.05","220.38"
"2016-08-25 17:00:00","2016-08-25","27.34","","","","54.53","987.79","214.20"
"2016-08-25 18:00:00","2016-08-25","26.22","","","","63.80","988.28","210.03"
"2016-08-25 19:00:00","2016-08-25","25.48","","","","71.30","988.93","204.42"
"2016-08-25 20:00:00","2016-08-25","25.30","","","","72.93","989.06","203.26"
"2016-08-25 21:00:00","2016-08-25","25.30","","","","74.36","989.66","198.14"
"2016-08-25 22:00:00","2016-08-25","25.28","","","","74.63","989.66","198.29"
"2016-08-25 23:00:00","2016-08-25","25.06","","","","78.72","990.01","195.33"
"2016-08-26 00:00:00","2016-08-26","24.79","","","","79.21","989.65","198.30"
"2016-08-26 01:00:00","2016-08-26","24.53","","","","79.70","988.58","207.37"
"2016-08-26 02:00:00","2016-08-26","24.70","","","","75.72","987.76","214.27"
"2016-08-26 03:00:00","2016-08-26","23.88","","","","84.43","987.69","214.89"
"2016-08-26 04:00:00","2016-08-26","23.60","","","","89.16","988.14","211.21"
"2016-08-26 05:00:00","2016-08-26","23.33","","","","91.18","988.48","208.14"
"2016-08-26 06:00:00","2016-08-26","23.37","","","","90.98","988.99","203.83"
"2016-08-26 07:00:00","2016-08-26","24.55","","","","77.09","989.61","198.54"
"2016-08-26 08:00:00","2016-08-26","27.17","","","","62.46","990.11","194.37"
"2016-08-26 09:00:00","2016-08-26","29.67","","","","51.70","990.03","194.98"
"2016-08-26 10:00:00","2016-08-26","31.65","","","","40.91","989.54","199.23"
"2016-08-26 11:00:00","2016-08-26","32.92","","","","37.21","989.01","203.73"
"2016-08-26 12:00:00","2016-08-26","34.17","","","","35.60","988.17","210.84"
"2016-08-26 13:00:00","2016-08-26","32.78","","","","36.00","987.57","215.87"
"2016-08-26 14:00:00","2016-08-26","32.11","","","","38.02","987.19","219.13"
"2016-08-26 15:00:00","2016-08-26","30.07","","","","49.23","987.41","217.32"
"2016-08-26 16:00:00","2016-08-26","28.98","","","","59.50","987.80","213.90"
"2016-08-26 17:00:00","2016-08-26","27.94","","","","63.65","988.46","208.33"
"2016-08-26 18:00:00","2016-08-26","27.57","","","","65.44","988.96","204.21"
"2016-08-26 19:00:00","2016-08-26","27.04","","","","66.23","989.34","200.88"
"2016-08-26 20:00:00","2016-08-26","26.40","","","","73.23","990.02","195.15"
"2016-08-26 21:00:00","2016-08-26","25.73","","","","75.91","990.50","191.16"
"2016-08-26 22:00:00","2016-08-26","25.61","","","","80.32","990.67","189.60"
"2016-08-26 23:00:00","2016-08-26","25.58","","","","81.96","990.45","191.50"
"2016-08-27 00:00:00","2016-08-27","25.34","","","","82.30","990.00","195.27"
"2016-08-27 01:00:00","2016-08-27","24.84","","","","90.54","989.51","199.35"
"2016-08-27 02:00:00","2016-08-27","24.56","","","","87.42","989.03","203.54"
"2016-08-27 03:00:00","2016-08-27","24.49","","","","83.39","988.92","204.56"
"2016-08-27 04:00:00","2016-08-27","23.97","","","","91.56","988.88","204.89"
"2016-08-27 05:00:00","2016-08-27","23.68","","","","93.00","989.51","199.38"
"2016-08-27 06:00:00","2016-08-27","23.90","","","","91.68","990.53","190.84"
"2016-08-27 07:00:00","2016-08-27","25.18","","","","86.05","991.05","186.32"
"2016-08-27 08:00:00","2016-08-27","27.62","","","","69.30","991.44","183.14"
"2016-08-27 09:00:00","2016-08-27","29.61","","","","56.84","991.38","183.83"
"2016-08-27 10:00:00","2016-08-27","31.18","","","","48.40","990.73","189.18"
"2016-08-27 11:00:00","2016-08-27","33.05","","","","39.82","989.67","198.07"
"2016-08-27 12:00:00","2016-08-27","33.65","","","","37.12","988.81","205.51"
"2016-08-27 13:00:00","2016-08-27","33.55","","","","36.79","987.89","213.22"
"2016-08-27 14:00:00","2016-08-27","32.64","","","","38.16","987.02","220.71"
"2016-08-27 15:00:00","2016-08-27","29.30","","","","52.65","987.63","215.46"
"2016-08-27 16:00:00","2016-08-27","26.28","","","","70.98","988.83","205.25"
"2016-08-27 17:00:00","2016-08-27","25.03","","","","81.25","989.41","200.31"
"2016-08-27 18:00:00","2016-08-27","24.79","","","","82.98","989.75","197.55"
"2016-08-27 19:00:00","2016-08-27","24.81","","","","87.44","990.34","192.52"
"2016-08-27 20:00:00","2016-08-27","24.68","","","","88.68","990.96","187.27"
"2016-08-27 21:00:00","2016-08-27","24.66","","","","92.86","991.34","184.01"
"2016-08-27 22:00:00","2016-08-27","24.74","","","","92.77","991.50","182.58"
"2016-08-27 23:00:00","2016-08-27","24.66","","","","92.84","991.33","184.11"
"2016-08-28 00:00:00","2016-08-28","24.45","","","","93.00","990.93","187.53"
"2016-08-28 01:00:00","2016-08-28","24.13","","","","93.00","990.56","190.55"
"2016-08-28 02:00:00","2016-08-28","24.06","","","","91.70","990.18","193.75"
"2016-08-28 03:00:00","2016-08-28","23.81","","","","91.54","990.15","194.10"
"2016-08-28 04:00:00","2016-08-28","23.71","","","","93.00","990.56","190.62"
"2016-08-28 05:00:00","2016-08-28","23.76","","","","92.65","991.09","186.07"
"2016-08-28 06:00:00","2016-08-28","24.26","","","","90.23","991.12","185.86"
"2016-08-28 07:00:00","2016-08-28","25.69","","","","79.64","991.79","180.25"
"2016-08-28 08:00:00","2016-08-28","27.30","","","","68.89","992.28","175.84"
"2016-08-28 09:00:00","2016-08-28","28.68","","","","61.72","992.20","176.71"
"2016-08-28 10:00:00","2016-08-28","31.00","","","","50.23","991.43","183.28"
"2016-08-28 11:00:00","2016-08-28","31.93","","","","45.14","990.46","191.43"
"2016-08-28 12:00:00","2016-08-28","33.34","","","","38.67","989.56","199.14"
"2016-08-28 13:00:00","2016-08-28","33.76","","","","36.82","988.59","207.28"
"2016-08-28 14:00:00","2016-08-28","33.64","","","","36.54","987.69","214.83"
"2016-08-28 15:00:00","2016-08-28","33.36","","","","36.28","987.36","217.80"
"2016-08-28 16:00:00","2016-08-28","30.55","","","","45.77","987.95","212.75"
"2016-08-28 17:00:00","2016-08-28","28.89","","","","58.33","988.37","209.11"
"2016-08-28 18:00:00","2016-08-28","27.80","","","","67.33","988.91","204.63"
"2016-08-28 19:00:00","2016-08-28","27.66","","","","71.46","989.78","197.20"
"2016-08-28 20:00:00","2016-08-28","27.47","","","","72.16","990.27","193.12"
"2016-08-28 21:00:00","2016-08-28","26.95","","","","75.89","990.93","187.54"
"2016-08-28 22:00:00","2016-08-28","26.74","","","","80.11","990.77","188.81"
"2016-08-28 23:00:00","2016-08-28","26.51","","","","81.58","990.69","189.42"
"2016-08-29 00:00:00","2016-08-29","26.31","","","","85.30","990.24","193.30"
"2016-08-29 01:00:00","2016-08-29","25.91","","","","86.00","989.63","198.50"
"2016-08-29 02:00:00","2016-08-29","25.92","","","","79.70","989.35","200.85"
"2016-08-29 03:00:00","2016-08-29","25.62","","","","76.82","989.26","201.60"
"2016-08-29 04:00:00","2016-08-29","25.40","","","","80.30","989.25","201.71"
"2016-08-29 05:00:00","2016-08-29","25.31","","","","84.23","989.89","196.26"
"2016-08-29 06:00:00","2016-08-29","25.55","","","","78.84","990.47","191.26"
"2016-08-29 07:00:00","2016-08-29","26.90","","","","73.09","991.08","186.15"
"2016-08-29 08:00:00","2016-08-29","28.20","","","","70.16","991.65","181.38"
"2016-08-29 09:00:00","2016-08-29","28.70","","","","66.38","991.61","181.65"
"2016-08-29 10:00:00","2016-08-29","29.20","","","","63.39","990.94","187.37"
"2016-08-29 11:00:00","2016-08-29","30.86","","","","53.89","989.61","198.49"
"2016-08-29 12:00:00","2016-08-29","32.69","","","","39.37","988.71","206.22"
"2016-08-29 13:00:00","2016-08-29","29.29","","","","61.44","988.35","209.37"
"2016-08-29 14:00:00","2016-08-29","27.38","","","","72.86","988.14","211.11"
"2016-08-29 15:00:00","2016-08-29","27.79","","","","69.98","987.59","215.75"
"2016-08-29 16:00:00","2016-08-29","27.96","","","","66.42","987.60","215.72"
"2016-08-29 17:00:00","2016-08-29","27.53","","","","67.37","987.75","214.51"
"2016-08-29 18:00:00","2016-08-29","26.77","","","","76.96","988.38","209.06"
"2016-08-29 19:00:00","2016-08-29","26.89","","","","76.11","989.14","202.55"
"2016-08-29 20:00:00","2016-08-29","26.26","","","","83.65","990.06","194.74"
"2016-08-29 21:00:00","2016-08-29","25.85","","","","80.95","990.40","191.97"
"2016-08-29 22:00:00","2016-08-29","25.90","","","","81.19","990.36","192.36"
"2016-08-29 23:00:00","2016-08-29","25.20","","","","87.98","990.26","193.11"
"2016-08-30 00:00:00","2016-08-30","25.22","","","","88.93","989.66","198.24"
"2016-08-30 01:00:00","2016-08-30","25.29","","","","83.56","989.29","201.36"
"2016-08-30 02:00:00","2016-08-30","24.50","","","","87.63","989.13","202.74"
"2016-08-30 03:00:00","2016-08-30","24.25","","","","90.42","989.05","203.50"
"2016-08-30 04:00:00","2016-08-30","24.14","","","","91.02","989.21","201.95"
"2016-08-30 05:00:00","2016-08-30","24.31","","","","88.47","989.63","198.40"
"2016-08-30 06:00:00","2016-08-30","24.27","","","","90.84","990.31","192.70"
"2016-08-30 07:00:00","2016-08-30","25.54","","","","82.05","990.76","188.76"
"2016-08-30 08:00:00","2016-08-30","26.73","","","","72.42","991.60","181.79"
"2016-08-30 09:00:00","2016-08-30","28.46","","","","64.63","991.55","182.23"
"2016-08-30 10:00:00","2016-08-30","30.64","","","","52.61","990.73","189.21"
"2016-08-30 11:00:00","2016-08-30","32.17","","","","43.84","989.95","195.81"
"2016-08-30 12:00:00","2016-08-30","30.63","","","","48.37","989.19","202.23"
"2016-08-30 13:00:00","2016-08-30","27.21","","","","73.81","989.05","203.44"
"2016-08-30 14:00:00","2016-08-30","25.90","","","","84.11","988.49","208.11"
"2016-08-30 15:00:00","2016-08-30","26.85","","","","81.46","988.29","209.81"
"2016-08-30 16:00:00","2016-08-30","26.89","","","","80.96","988.41","208.89"
"2016-08-30 17:00:00","2016-08-30","25.97","","","","86.88","988.83","205.14"
"2016-08-30 18:00:00","2016-08-30","25.72","","","","90.18","989.01","203.64"
"2016-08-30 19:00:00","2016-08-30","25.61","","","","92.00","989.72","197.66"
"2016-08-30 20:00:00","2016-08-30","25.40","","","","91.12","990.88","187.87"
"2016-08-30 21:00:00","2016-08-30","25.63","","","","90.79","991.50","182.54"
"2016-08-30 22:00:00","2016-08-30","25.19","","","","88.60","991.79","180.13"
"2016-08-30 23:00:00","2016-08-30","24.96","","","","91.53","991.56","182.11"
"2016-08-31 00:00:00","2016-08-31","24.56","","","","92.68","990.66","189.62"
"2016-08-31 01:00:00","2016-08-31","24.24","","","","91.12","990.36","192.29"
"2016-08-31 02:00:00","2016-08-31","23.79","","","","91.88","990.17","193.84"
"2016-08-31 03:00:00","2016-08-31","23.40","","","","93.00","989.75","197.48"
"2016-08-31 04:00:00","2016-08-31","23.28","","","","92.29","989.88","196.31"
"2016-08-31 05:00:00","2016-08-31","23.19","","","","91.00","990.39","192.03"
"2016-08-31 06:00:00","2016-08-31","23.19","","","","91.09","991.13","185.76"
"2016-08-31 07:00:00","2016-08-31","24.74","","","","82.44","992.03","178.19"
"2016-08-31 08:00:00","2016-08-31","26.99","","","","69.49","992.62","173.17"
"2016-08-31 09:00:00","2016-08-31","29.55","","","","56.30","992.64","173.08"
"2016-08-31 10:00:00","2016-08-31","30.86","","","","49.33","992.08","177.75"
"2016-08-31 11:00:00","2016-08-31","31.15","","","","47.46","991.61","181.67"
"2016-08-31 12:00:00","2016-08-31","31.88","","","","44.12","990.60","190.23"
"2016-08-31 13:00:00","2016-08-31","31.90","","","","41.64","989.44","200.13"
"2016-08-31 14:00:00","2016-08-31","32.87","","","","37.97","988.64","206.93"
"2016-08-31 15:00:00","2016-08-31","32.98","","","","36.09","988.14","211.08"
"2016-08-31 16:00:00","2016-08-31","31.13","","","","41.61","988.28","209.84"
"2016-08-31 17:00:00","2016-08-31","28.40","","","","61.25","988.92","204.43"
"2016-08-31 18:00:00","2016-08-31","27.86","","","","62.65","989.77","197.34"
"2016-08-31 19:00:00","2016-08-31","27.14","","","","68.49","991.07","186.22"
"2016-08-31 20:00:00","2016-08-31","26.24","","","","86.74","992.20","176.62"
"2016-08-31 21:00:00","2016-08-31","25.74","","","","88.42","992.47","174.42"
"2016-08-31 22:00:00","2016-08-31","25.15","","","","84.04","992.64","172.91"
"2016-08-31 23:00:00","2016-08-31","25.06","","","","90.34","992.24","176.24"
"2016-12-04 21:00:00","2016-12-04","27.40","","","","32.00","988.15","210.94"
"2016-12-04 22:00:00","2016-12-04","27.41","","","","32.00","988.05","212.02"
"2016-12-04 23:00:00","2016-12-04","27.22","","","","32.04","987.80","213.93"
"2016-12-05 00:00:00","2016-12-05","27.15","","","","32.12","987.43","217.27"
"2016-12-05 01:00:00","2016-12-05","26.99","","","","32.84","986.82","222.36"
"2016-12-05 02:00:00","2016-12-05","26.95","","","","32.96","986.39","225.85"
"2016-12-05 03:00:00","2016-12-05","26.86","","","","33.00","986.05","228.99"
"2016-12-05 04:00:00","2016-12-05","26.71","","","","33.00","986.15","228.15"
"2016-12-05 05:00:00","2016-12-05","26.81","","","","33.00","986.64","224.01"
"2016-12-05 06:00:00","2016-12-05","26.89","","","","32.96","987.01","220.81"
"2016-12-05 07:00:00","2016-12-05","26.99","","","","32.77","987.46","216.83"
"2016-12-05 08:00:00","2016-12-05","27.24","","","","32.27","987.30","218.22"
"2016-12-05 09:00:00","2016-12-05","27.85","","","","32.00","987.50","216.56"
"2016-12-05 10:00:00","2016-12-05","27.88","","","","32.00","987.50","216.58"
"2016-12-05 11:00:00","2016-12-05","27.67","","","","32.00","986.94","221.28"
"2016-12-05 12:00:00","2016-12-05","27.56","","","","32.00","986.26","227.25"
"2016-12-05 13:00:00","2016-12-05","27.55","","","","58.19","985.37","234.70"
"2016-12-05 14:00:00","2016-12-05","27.55","","","","32.00","984.61","241.17"
"2016-12-05 15:00:00","2016-12-05","27.44","","","","32.00","984.19","244.77"
"2016-12-05 16:00:00","2016-12-05","27.46","","","","32.00","984.67","240.67"
"2016-12-05 17:00:00","2016-12-05","27.33","","","","32.00","985.44","234.24"
"2016-12-05 18:00:00","2016-12-05","27.20","","","","32.04","986.08","228.72"
"2016-12-05 19:00:00","2016-12-05","27.18","","","","32.21","986.73","223.09"
"2016-12-05 20:00:00","2016-12-05","27.30","","","","32.09","987.23","218.86"
"2016-12-05 21:00:00","2016-12-05","26.98","","","","32.91","987.37","217.73"
"2016-12-05 22:00:00","2016-12-05","26.78","","","","33.00","987.47","216.94"
"2016-12-05 23:00:00","2016-12-05","26.93","","","","32.81","987.27","218.53"
"2016-12-06 00:00:00","2016-12-06","26.82","","","","33.00","986.89","221.82"
"2016-12-06 01:00:00","2016-12-06","26.61","","","","33.00","986.26","227.17"
"2016-12-06 02:00:00","2016-12-06","26.46","","","","33.00","986.21","227.67"
"2016-12-06 03:00:00","2016-12-06","26.39","","","","33.00","986.19","227.68"
"2016-12-06 04:00:00","2016-12-06","26.30","","","","33.00","986.49","225.19"
"2016-12-06 05:00:00","2016-12-06","26.30","","","","33.00","986.65","223.92"
"2016-12-06 06:00:00","2016-12-06","26.28","","","","33.00","987.18","219.35"
"2016-12-06 07:00:00","2016-12-06","26.46","","","","33.00","987.53","216.39"
"2016-12-06 08:00:00","2016-12-06","26.89","","","","32.96","987.49","216.70"
"2016-12-06 09:00:00","2016-12-06","27.29","","","","32.11","987.22","219.18"
"2016-12-06 10:00:00","2016-12-06","27.75","","","","32.00","986.88","221.87"
"2016-12-06 11:00:00","2016-12-06","28.05","","","","32.00","986.25","227.19"
"2016-12-06 12:00:00","2016-12-06","27.66","","","","32.00","985.32","235.24"
"2016-12-06 13:00:00","2016-12-06","28.05","","","","32.00","984.24","244.40"
"2016-12-06 14:00:00","2016-12-06","28.36","","","","32.00","983.55","250.21"
"2016-12-06 15:00:00","2016-12-06","28.48","","","","32.00","983.53","250.29"
"2016-12-06 16:00:00","2016-12-06","28.80","","","","31.54","983.91","247.11"
"2016-12-06 17:00:00","2016-12-06","28.72","","","","31.95","984.45","242.55"
"2016-12-06 18:00:00","2016-12-06","28.39","","","","32.00","984.94","238.22"
"2016-12-06 19:00:00","2016-12-06","28.19","","","","32.00","985.85","230.66"
"2016-12-06 20:00:00","2016-12-06","28.03","","","","32.00","986.46","225.36"
"2016-12-06 21:00:00","2016-12-06","27.89","","","","32.00","986.65","223.85"
"2016-12-06 22:00:00","2016-12-06","27.83","","","","32.00","986.64","223.73"
"2016-12-06 23:00:00","2016-12-06","27.74","","","","32.00","985.94","229.79"
"2016-12-07 00:00:00","2016-12-07","27.57","","","","32.00","984.90","238.71"
"2016-12-07 01:00:00","2016-12-07","27.41","","","","32.00","984.55","241.71"
"2016-12-07 02:00:00","2016-12-07","27.36","","","","32.00","984.84","239.20"
"2016-12-07 03:00:00","2016-12-07","27.28","","","","32.00","984.98","238.00"
"2016-12-07 04:00:00","2016-12-07","27.15","","","","32.16","985.35","234.88"
"2016-12-07 05:00:00","2016-12-07","27.10","","","","32.28","986.40","226.01"
"2016-12-07 06:00:00","2016-12-07","27.05","","","","32.54","986.85","222.22"
"2016-12-07 07:00:00","2016-12-07","27.18","","","","32.30","987.40","217.42"
"2016-12-07 08:00:00","2016-12-07","27.49","","","","32.00","987.94","212.84"
"2016-12-07 09:00:00","2016-12-07","27.83","","","","32.00","987.47","216.73"
"2016-12-07 10:00:00","2016-12-07","28.18","","","","32.00","987.13","219.82"
"2016-12-07 11:00:00","2016-12-07","28.53","","","","32.00","986.63","223.89"
"2016-12-07 12:00:00","2016-12-07","28.66","","","","32.00","985.81","230.98"
"2016-12-07 13:00:00","2016-12-07","28.24","","","","32.00","985.44","234.11"
"2016-12-07 14:00:00","2016-12-07","28.04","","","","32.00","984.80","239.62"
"2016-12-07 15:00:00","2016-12-07","27.82","","","","32.00","984.80","239.54"
"2016-12-07 16:00:00","2016-12-07","27.70","","","","32.00","985.07","237.30"
"2016-12-07 17:00:00","2016-12-07","27.70","","","","32.00","985.57","233.12"
"2016-12-07 18:00:00","2016-12-07","27.60","","","","32.00","986.19","227.80"
"2016-12-07 19:00:00","2016-12-07","27.45","","","","32.00","986.14","228.10"
"2016-12-07 20:00:00","2016-12-07","27.32","","","","32.00","986.70","223.47"
"2016-12-07 21:00:00","2016-12-07","27.23","","","","32.07","986.76","222.97"
"2016-12-07 22:00:00","2016-12-07","27.46","","","","32.00","986.42","225.69"
"2016-12-07 23:00:00","2016-12-07","27.23","","","","32.04","986.26","227.11"
"2016-12-08 00:00:00","2016-12-08","26.98","","","","32.91","985.40","234.40"
"2016-12-08 01:00:00","2016-12-08","26.79","","","","33.00","984.72","240.34"
"2016-12-08 02:00:00","2016-12-08","26.63","","","","33.00","984.85","239.23"
"2016-12-08 03:00:00","2016-12-08","26.44","","","","33.00","984.82","239.41"
"2016-12-08 04:00:00","2016-12-08","26.35","","","","32.98","984.81","239.56"
"2016-12-08 05:00:00","2016-12-08","26.23","","","","33.00","985.14","236.74"
"2016-12-08 06:00:00","2016-12-08","26.16","","","","33.00","985.70","231.95"
"2016-12-08 07:00:00","2016-12-08","26.37","","","","33.00","986.15","228.07"
"2016-12-08 08:00:00","2016-12-08","26.78","","","","33.00","986.73","223.00"
"2016-12-08 09:00:00","2016-12-08","27.30","","","","32.38","986.65","223.71"
"2016-12-08 10:00:00","2016-12-08","28.25","","","","32.00","986.04","229.09"
"2016-12-08 11:00:00","2016-12-08","29.39","","","","31.05","985.22","235.87"
"2016-12-08 12:00:00","2016-12-08","29.77","","","","31.00","984.42","242.88"
"2016-12-08 13:00:00","2016-12-08","30.48","","","","30.88","983.57","250.05"
"2016-12-08 14:00:00","2016-12-08","29.99","","","","31.00","983.31","252.24"
"2016-12-08 15:00:00","2016-12-08","29.78","","","","31.00","983.59","249.90"
"2016-12-08 16:00:00","2016-12-08","29.61","","","","31.00","984.04","245.97"
"2016-12-08 17:00:00","2016-12-08","29.99","","","","31.00","984.98","238.12"
"2016-12-08 18:00:00","2016-12-08","29.60","","","","31.00","986.11","228.49"
"2016-12-08 19:00:00","2016-12-08","29.32","","","","31.00","986.92","221.55"
"2016-12-08 20:00:00","2016-12-08","28.89","","","","31.42","987.58","215.97"
"2016-12-08 21:00:00","2016-12-08","28.64","","","","31.98","987.76","214.50"
"2016-12-08 22:00:00","2016-12-08","28.52","","","","32.00","987.29","218.42"
"2016-12-08 23:00:00","2016-12-08","28.31","","","","32.00","986.39","226.00"
"2016-12-09 00:00:00","2016-12-09","28.18","","","","32.00","985.55","233.23"
"2016-12-09 01:00:00","2016-12-09","28.01","","","","32.00","985.46","233.91"
"2016-12-09 02:00:00","2016-12-09","27.91","","","","32.00","985.32","235.26"
"2016-12-09 03:00:00","2016-12-09","27.69","","","","32.00","985.02","237.73"
"2016-12-09 04:00:00","2016-12-09","27.53","","","","32.00","985.25","235.93"
"2016-12-09 05:00:00","2016-12-09","27.34","","","","32.00","985.25","235.73"
"2016-12-09 06:00:00","2016-12-09","27.19","","","","32.12","985.63","232.52"
"2016-12-09 07:00:00","2016-12-09","27.35","","","","32.00","986.18","227.89"
"2016-12-09 08:00:00","2016-12-09","27.63","","","","32.00","986.13","228.24"
"2016-12-09 09:00:00","2016-12-09","28.26","","","","32.00","986.02","229.10"
"2016-12-09 10:00:00","2016-12-09","28.98","","","","31.54","985.59","232.85"
"2016-12-09 11:00:00","2016-12-09","29.68","","","","31.00","985.16","236.63"
"2016-12-09 12:00:00","2016-12-09","30.37","","","","31.00","984.76","239.96"
"2016-12-09 13:00:00","2016-12-09","30.58","","","","31.00","984.12","245.37"
"2016-12-09 14:00:00","2016-12-09","30.71","","","","30.96","983.62","249.54"
"2016-12-09 15:00:00","2016-12-09","30.59","","","","31.00","983.22","253.16"
"2016-12-09 16:00:00","2016-12-09","30.35","","","","31.00","983.31","252.33"
"2016-12-09 17:00:00","2016-12-09","30.13","","","","31.00","984.30","243.86"
"2016-12-09 18:00:00","2016-12-09","29.90","","","","31.00","985.39","234.61"
"2016-12-09 19:00:00","2016-12-09","29.68","","","","31.00","986.13","228.21"
"2016-12-09 20:00:00","2016-12-09","29.80","","","","31.00","986.88","221.89"
"2016-12-09 21:00:00","2016-12-09","29.53","","","","31.00","987.24","218.90"
"2016-12-09 22:00:00","2016-12-09","29.30","","","","31.00","987.30","218.23"
"2016-12-09 23:00:00","2016-12-09","29.15","","","","30.88","987.11","219.94"
"2016-12-10 00:00:00","2016-12-10","28.88","","","","31.56","986.76","222.90"
"2016-12-10 01:00:00","2016-12-10","28.61","","","","32.00","986.25","227.29"
"2016-12-10 02:00:00","2016-12-10","28.39","","","","32.00","986.07","228.77"
"2016-12-10 03:00:00","2016-12-10","28.19","","","","32.00","985.93","230.01"
"2016-12-10 04:00:00","2016-12-10","27.97","","","","32.00","986.02","229.21"
"2016-12-10 05:00:00","2016-12-10","27.77","","","","32.00","986.52","224.92"
"2016-12-10 06:00:00","2016-12-10","27.46","","","","32.00","986.82","222.51"
"2016-12-10 07:00:00","2016-12-10","27.67","","","","32.00","986.79","222.63"
"2016-12-10 08:00:00","2016-12-10","28.05","","","","32.00","986.83","222.33"
"2016-12-10 09:00:00","2016-12-10","29.41","","","","31.14","986.79","222.61"
"2016-12-10 10:00:00","2016-12-10","29.92","","","","31.00","986.33","226.69"
"2016-12-10 11:00:00","2016-12-10","30.17","","","","31.00","985.72","231.71"
"2016-12-10 12:00:00","2016-12-10","30.58","","","","30.91","984.93","238.40"
"2016-12-10 13:00:00","2016-12-10","30.87","","","","30.63","983.95","246.81"
"2016-12-10 14:00:00","2016-12-10","30.96","","","","30.45","983.67","249.19"
"2016-12-10 15:00:00","2016-12-10","30.34","","","","31.00","984.07","245.91"
"2016-12-10 16:00:00","2016-12-10","29.96","","","","31.00","984.00","246.43"
"2016-12-10 17:00:00","2016-12-10","29.65","","","","31.00","985.15","236.61"
"2016-12-10 18:00:00","2016-12-10","29.43","","","","31.00","986.19","227.74"
"2016-12-10 19:00:00","2016-12-10","29.22","","","","31.00","987.16","219.46"
"2016-12-10 20:00:00","2016-12-10","28.94","","","","31.16","987.82","213.82"
"2016-12-10 21:00:00","2016-12-10","28.95","","","","31.37","988.10","211.58"
"2016-12-10 22:00:00","2016-12-10","28.73","","","","31.84","988.21","210.54"
"2016-12-10 23:00:00","2016-12-10","28.50","","","","32.00","987.59","215.77"
"2016-12-11 00:00:00","2016-12-11","28.29","","","","32.00","987.02","220.73"
"2016-12-11 01:00:00","2016-12-11","28.07","","","","32.00","986.23","227.43"
"2016-12-11 02:00:00","2016-12-11","27.79","","","","32.00","985.67","232.00"
"2016-12-11 03:00:00","2016-12-11","27.59","","","","32.00","985.47","233.89"
"2016-12-11 04:00:00","2016-12-11","27.41","","","","32.00","985.87","230.63"
"2016-12-11 05:00:00","2016-12-11","27.34","","","","32.00","986.36","226.38"
"2016-12-11 06:00:00","2016-12-11","27.23","","","","32.02","986.86","222.01"
"2016-12-11 07:00:00","2016-12-11","27.28","","","","32.00","987.84","213.83"
"2016-12-11 08:00:00","2016-12-11","27.61","","","","32.00","988.47","208.38"
"2016-12-11 09:00:00","2016-12-11","28.07","","","","32.00","988.41","208.95"
"2016-12-11 10:00:00","2016-12-11","28.52","","","","32.00","987.88","213.44"
"2016-12-11 11:00:00","2016-12-11","29.17","","","","31.32","987.14","219.62"
"2016-12-11 12:00:00","2016-12-11","29.51","","","","31.00","986.41","225.85"
"2016-12-11 13:00:00","2016-12-11","28.70","","","","31.45","986.00","229.38"
"2016-12-11 15:00:00","2016-12-11","27.86","","","","32.00","985.53","233.44"
"2016-12-11 16:00:00","2016-12-11","27.89","","","","32.00","985.50","233.49"
"2016-12-11 17:00:00","2016-12-11","27.74","","","","32.00","986.01","229.17"
"2016-12-11 18:00:00","2016-12-11","27.58","","","","32.00","986.77","222.83"
"2016-12-11 19:00:00","2016-12-11","27.63","","","","31.98","988.23","210.43"
"2016-12-11 20:00:00","2016-12-11","27.42","","","","32.00","988.57","207.50"
"2016-12-11 22:00:00","2016-12-11","25.67","","","","33.57","988.50","208.03"
"2016-12-11 23:00:00","2016-12-11","24.99","","","","33.89","988.46","208.53"
"2016-12-12 00:00:00","2016-12-12","24.93","","","","33.88","988.12","211.17"
"2016-12-12 01:00:00","2016-12-12","24.82","","","","33.98","987.49","216.67"
"2016-12-12 02:00:00","2016-12-12","24.59","","","","33.88","986.80","222.63"
"2016-12-12 03:00:00","2016-12-12","24.36","","","","33.79","986.32","226.60"
"2016-12-12 04:00:00","2016-12-12","24.09","","","","33.80","986.51","225.03"
"2016-12-12 05:00:00","2016-12-12","24.23","","","","33.86","986.93","221.43"
"2016-12-12 06:00:00","2016-12-12","24.53","","","","33.84","987.40","217.51"
"2016-12-12 07:00:00","2016-12-12","25.84","","","","32.73","988.14","211.21"
"2016-12-12 08:00:00","2016-12-12","28.16","","","","31.09","988.53","207.88"
"2016-12-12 09:00:00","2016-12-12","29.76","","","","30.24","988.55","207.62"
"2016-12-12 10:00:00","2016-12-12","30.13","","","","30.04","988.32","209.69"
"2016-12-12 11:00:00","2016-12-12","30.78","","","","30.04","987.79","214.15"
"2016-12-12 12:00:00","2016-12-12","30.91","","","","29.96","987.04","220.45"
"2016-12-12 13:00:00","2016-12-12","30.99","","","","30.00","986.09","228.65"
"2016-12-12 14:00:00","2016-12-12","30.41","","","","30.04","985.64","232.50"
"2016-12-12 15:00:00","2016-12-12","29.82","","","","30.54","985.16","236.44"
"2016-12-12 16:00:00","2016-12-12","29.00","","","","31.00","985.45","234.03"
"2016-12-12 17:00:00","2016-12-12","28.37","","","","31.21","986.04","228.89"
"2016-12-12 18:00:00","2016-12-12","27.38","","","","31.98","986.80","222.42"
"2016-12-12 19:00:00","2016-12-12","27.08","","","","32.09","988.33","209.58"
"2016-12-12 20:00:00","2016-12-12","26.58","","","","32.45","989.26","201.73"
"2016-12-12 21:00:00","2016-12-12","25.47","","","","32.88","989.17","202.34"
"2016-12-12 22:00:00","2016-12-12","25.12","","","","33.00","989.43","200.16"
"2016-12-12 23:00:00","2016-12-12","24.83","","","","33.47","989.36","200.65"
"2016-12-13 00:00:00","2016-12-13","24.64","","","","33.72","988.95","204.13"
"2016-12-13 01:00:00","2016-12-13","24.36","","","","33.95","988.01","212.25"
"2016-12-13 02:00:00","2016-12-13","23.90","","","","33.93","987.15","219.50"
"2016-12-13 03:00:00","2016-12-13","23.36","","","","33.80","986.66","223.75"
"2016-12-13 04:00:00","2016-12-13","23.42","","","","33.77","986.82","222.43"
"2016-12-13 05:00:00","2016-12-13","23.31","","","","33.96","986.94","221.37"
"2016-12-13 06:00:00","2016-12-13","24.20","","","","33.85","987.65","215.37"
"2016-12-13 07:00:00","2016-12-13","26.69","","","","32.53","988.40","208.96"
"2016-12-13 08:00:00","2016-12-13","30.61","","","","30.68","988.79","205.74"
"2016-12-13 09:00:00","2016-12-13","33.44","","","","29.28","988.96","204.22"
"2016-12-13 10:00:00","2016-12-13","37.26","","","","27.55","988.66","206.86"
"2016-12-13 11:00:00","2016-12-13","36.96","","","","27.56","988.21","210.71"
"2016-12-13 12:00:00","2016-12-13","33.59","","","","29.18","986.82","222.35"
"2016-12-13 13:00:00","2016-12-13","33.02","","","","29.42","986.71","223.39"
"2016-12-13 17:00:00","2016-12-13","29.36","","","","31.06","986.61","224.13"
"2016-12-13 18:00:00","2016-12-13","28.29","","","","31.95","987.47","216.95"
"2016-12-13 19:00:00","2016-12-13","27.66","","","","32.04","988.61","207.14"
"2016-12-13 20:00:00","2016-12-13","26.88","","","","32.89","989.24","201.73"
"2016-12-13 21:00:00","2016-12-13","26.35","","","","32.95","989.69","198.03"
"2016-12-13 22:00:00","2016-12-13","25.55","","","","32.96","989.56","199.13"
"2016-12-13 23:00:00","2016-12-13","24.66","","","","33.72","989.31","201.19"
"2016-12-14 00:00:00","2016-12-14","24.24","","","","34.02","988.83","205.26"
"2016-12-14 01:00:00","2016-12-14","23.95","","","","33.98","988.08","211.67"
"2016-12-14 02:00:00","2016-12-14","23.81","","","","33.98","987.82","214.05"
"2016-12-14 03:00:00","2016-12-14","23.75","","","","33.98","987.56","216.00"
"2016-12-14 04:00:00","2016-12-14","23.73","","","","34.11","987.88","213.39"
"2016-12-14 05:00:00","2016-12-14","23.78","","","","33.98","987.88","213.31"
"2016-12-14 06:00:00","2016-12-14","25.06","","","","33.62","988.57","207.46"
"2016-12-14 07:00:00","2016-12-14","29.56","","","","31.11","989.28","201.57"
"2016-12-14 08:00:00","2016-12-14","34.56","","","","28.47","989.51","199.55"
"2016-12-14 09:00:00","2016-12-14","36.22","","","","27.84","989.50","199.65"
"2016-12-14 10:00:00","2016-12-14","35.35","","","","28.14","989.23","201.83"
"2016-12-14 11:00:00","2016-12-14","35.78","","","","28.04","988.74","206.15"
"2016-12-14 12:00:00","2016-12-14","35.92","","","","28.00","987.74","214.52"
"2016-12-14 13:00:00","2016-12-14","32.74","","","","29.42","987.13","219.75"
"2016-12-14 14:00:00","2016-12-14","26.93","","","","32.98","988.42","208.88"
"2016-12-14 15:00:00","2016-12-14","26.35","","","","34.00","987.39","217.43"
"2016-12-14 16:00:00","2016-12-14","25.45","","","","34.04","987.25","218.78"
"2016-12-14 17:00:00","2016-12-14","24.90","","","","34.30","988.21","210.45"
"2016-12-14 18:00:00","2016-12-14","25.38","","","","33.65","989.22","202.09"
"2016-12-14 19:00:00","2016-12-14","24.97","","","","33.89","990.17","193.91"
"2016-12-14 20:00:00","2016-12-14","24.33","","","","34.02","990.40","191.93"
"2016-12-14 21:00:00","2016-12-14","23.87","","","","34.02","990.06","194.83"
"2016-12-14 22:00:00","2016-12-14","23.63","","","","34.16","989.66","198.21"
"2016-12-14 23:00:00","2016-12-14","23.13","","","","34.73","989.41","200.40"
"2016-12-15 00:00:00","2016-12-15","23.46","","","","34.25","988.77","205.93"
"2016-12-15 01:00:00","2016-12-15","23.56","","","","34.34","988.33","209.56"
"2016-12-15 02:00:00","2016-12-15","23.06","","","","34.74","988.15","211.12"
"2016-12-15 03:00:00","2016-12-15","22.58","","","","35.04","988.03","212.12"
"2016-12-15 04:00:00","2016-12-15","22.13","","","","35.02","988.25","210.24"
"2016-12-15 05:00:00","2016-12-15","21.86","","","","35.00","988.84","205.16"
"2016-12-15 06:00:00","2016-12-15","24.54","","","","33.61","989.53","199.31"
"2016-12-15 07:00:00","2016-12-15","31.32","","","","30.26","990.00","195.37"
"2016-12-15 08:00:00","2016-12-15","36.68","","","","28.00","990.28","193.03"
"2016-12-15 09:00:00","2016-12-15","36.56","","","","28.11","990.44","191.55"
"2016-12-15 10:00:00","2016-12-15","36.22","","","","27.96","990.11","194.41"
"2016-12-15 11:00:00","2016-12-15","35.87","","","","27.96","989.50","199.60"
"2016-12-15 12:00:00","2016-12-15","34.20","","","","28.96","989.01","203.78"
"2016-12-15 13:00:00","2016-12-15","33.51","","","","29.11","988.23","210.44"
"2016-12-15 14:00:00","2016-12-15","32.60","","","","29.84","987.85","213.66"
"2016-12-15 15:00:00","2016-12-15","30.63","","","","30.74","988.01","212.19"
"2016-12-15 16:00:00","2016-12-15","27.33","","","","32.60","987.93","213.01"
"2016-12-15 17:00:00","2016-12-15","26.66","","","","32.96","987.30","218.27"
"2016-12-15 18:00:00","2016-12-15","25.98","","","","33.00","987.48","216.82"
"2016-12-15 19:00:00","2016-12-15","25.36","","","","33.02","988.03","212.14"
"2016-12-15 20:00:00","2016-12-15","25.04","","","","33.49","988.86","205.06"
"2016-12-15 21:00:00","2016-12-15","24.66","","","","34.00","989.22","201.89"
"2016-12-15 22:00:00","2016-12-15","24.06","","","","34.01","988.30","209.78"
"2016-12-16 04:00:00","2016-12-16","23.02","","","","34.46","987.33","218.09"
"2016-12-16 05:00:00","2016-12-16","23.05","","","","34.41","987.59","215.80"
"2016-12-16 06:00:00","2016-12-16","25.39","","","","33.33","988.00","212.30"
"2016-12-16 07:00:00","2016-12-16","35.08","","","","28.48","987.50","216.54"
"2016-12-16 08:00:00","2016-12-16","35.89","","","","28.02","988.09","211.43"
"2016-12-16 09:00:00","2016-12-16","33.91","","","","28.81","988.32","209.66"
"2016-12-16 10:00:00","2016-12-16","32.85","","","","29.39","987.95","212.78"
"2016-12-16 11:00:00","2016-12-16","32.18","","","","29.71","987.33","218.07"
"2016-12-16 12:00:00","2016-12-16","34.48","","","","28.49","986.71","223.42"
"2016-12-16 13:00:00","2016-12-16","31.89","","","","29.95","986.34","226.48"
"2016-12-16 14:00:00","2016-12-16","33.01","","","","29.26","985.66","232.28"
"2016-12-16 15:00:00","2016-12-16","31.62","","","","30.00","985.69","232.08"
"2016-12-16 16:00:00","2016-12-16","30.71","","","","30.54","985.69","232.14"
"2016-12-16 17:00:00","2016-12-16","29.34","","","","31.34","986.37","226.27"
"2016-12-16 18:00:00","2016-12-16","28.44","","","","32.02","987.31","218.27"
"2016-12-16 19:00:00","2016-12-16","27.89","","","","32.61","987.94","212.93"
"2016-12-16 20:00:00","2016-12-16","26.33","","","","33.00","988.16","211.04"
"2016-12-16 21:00:00","2016-12-16","24.81","","","","33.56","988.62","207.02"
"2016-12-16 22:00:00","2016-12-16","24.84","","","","33.72","988.61","207.05"
"2016-12-16 23:00:00","2016-12-16","25.05","","","","33.36","988.48","208.24"
"2016-12-17 00:00:00","2016-12-17","24.18","","","","34.00","988.08","211.75"
"2016-12-17 01:00:00","2016-12-17","24.77","","","","33.68","987.32","218.10"
"2016-12-17 02:00:00","2016-12-17","25.11","","","","33.44","987.21","219.01"
"2016-12-17 03:00:00","2016-12-17","25.29","","","","33.07","986.82","222.29"
"2016-12-17 04:00:00","2016-12-17","25.61","","","","33.00","987.00","220.97"
"2016-12-17 05:00:00","2016-12-17","25.31","","","","33.00","988.07","211.71"
"2016-12-17 06:00:00","2016-12-17","26.31","","","","32.72","988.39","209.21"
"2016-12-17 07:00:00","2016-12-17","27.82","","","","32.12","988.81","205.50"
"2016-12-17 08:00:00","2016-12-17","28.82","","","","31.65","989.41","200.37"
"2016-12-17 09:00:00","2016-12-17","31.48","","","","30.05","989.06","203.21"
"2016-12-17 10:00:00","2016-12-17","33.47","","","","29.67","988.68","206.60"
"2016-12-17 11:00:00","2016-12-17","33.37","","","","29.33","988.40","209.28"
"2016-12-17 12:00:00","2016-12-17","32.03","","","","29.67","987.86","213.00"
"2016-12-17 13:00:00","2016-12-17","33.77","","","","28.33","986.79","222.43"
"2016-12-17 14:00:00","2016-12-17","32.93","","","","29.33","986.44","225.98"
"2016-12-17 15:00:00","2016-12-17","31.90","","","","30.00","986.33","226.66"
"2016-12-17 16:00:00","2016-12-17","30.20","","","","30.67","986.45","226.06"
"2016-12-17 17:00:00","2016-12-17","28.87","","","","31.33","986.95","221.64"
"2016-12-17 18:00:00","2016-12-17","27.53","","","","32.00","987.58","216.00"
"2016-12-17 19:00:00","2016-12-17","27.27","","","","32.33","988.18","210.53"
"2016-12-17 20:00:00","2016-12-17","26.47","","","","32.67","988.55","207.95"
"2016-12-17 21:00:00","2016-12-17","25.30","","","","33.00","988.59","207.33"
"2016-12-17 22:00:00","2016-12-17","24.73","","","","33.67","988.84","204.98"
"2016-12-17 23:00:00","2016-12-17","24.50","","","","34.00","988.68","206.34"
"2016-12-18 00:00:00","2016-12-18","24.70","","","","34.00","988.12","211.89"
"2016-12-18 01:00:00","2016-12-18","24.20","","","","34.00","988.03","212.29"
"2016-12-18 02:00:00","2016-12-18","22.97","","","","33.67","987.68","215.20"
"2016-12-18 03:00:00","2016-12-18","22.30","","","","34.33","987.29","218.77"
"2016-12-18 04:00:00","2016-12-18","23.07","","","","34.00","987.56","216.03"
"2016-12-18 05:00:00","2016-12-18","23.27","","","","34.00","988.31","209.82"
"2016-12-18 06:00:00","2016-12-18","29.27","","","","32.00","987.78","213.65"
"2016-12-18 07:00:00","2016-12-18","34.67","","","","28.67","988.17","211.16"
"2016-12-18 08:00:00","2016-12-18","32.17","","","","29.33","989.16","202.21"
"2016-12-18 09:00:00","2016-12-18","37.80","","","","28.33","988.00","211.98"
"2016-12-18 10:00:00","2016-12-18","40.77","","","","25.00","987.88","213.54"
"2016-12-18 11:00:00","2016-12-18","33.80","","","","28.00","987.90","213.03"
"2016-12-18 12:00:00","2016-12-18","33.87","","","","28.67","987.19","219.43"
"2016-12-18 13:00:00","2016-12-18","33.40","","","","29.33","986.46","224.95"
"2016-12-18 14:00:00","2016-12-18","33.07","","","","29.67","985.91","230.37"
"2016-12-18 15:00:00","2016-12-18","33.00","","","","29.25","985.88","230.70"
"2016-12-18 16:00:00","2016-12-18","31.44","","","","30.07","986.25","227.05"
"2016-12-18 17:00:00","2016-12-18","30.34","","","","31.05","986.66","223.64"
"2016-12-18 18:00:00","2016-12-18","29.61","","","","31.84","987.42","217.23"
"2016-12-18 19:00:00","2016-12-18","28.45","","","","32.29","988.02","212.08"
"2016-12-18 20:00:00","2016-12-18","26.33","","","","32.98","988.32","209.66"
"2016-12-18 21:00:00","2016-12-18","25.45","","","","32.98","988.27","210.01"
"2016-12-18 22:00:00","2016-12-18","24.71","","","","33.95","987.99","212.39"
"2016-12-18 23:00:00","2016-12-18","24.40","","","","33.98","987.86","213.53"
"2016-12-19 00:00:00","2016-12-19","24.01","","","","34.02","987.27","218.48"
"2016-12-19 01:00:00","2016-12-19","24.06","","","","33.96","986.87","221.91"
"2016-12-19 02:00:00","2016-12-19","24.29","","","","34.02","986.79","222.69"
"2016-12-19 03:00:00","2016-12-19","24.54","","","","34.00","986.75","222.96"
"2016-12-19 04:00:00","2016-12-19","24.44","","","","33.91","986.81","222.43"
"2016-12-19 05:00:00","2016-12-19","24.27","","","","33.96","987.22","218.99"
"2016-12-19 06:00:00","2016-12-19","27.26","","","","32.44","987.98","212.54"
"2016-12-19 07:00:00","2016-12-19","29.42","","","","31.16","988.33","209.53"
"2016-12-19 08:00:00","2016-12-19","32.93","","","","29.30","988.15","211.22"
"2016-12-19 09:00:00","2016-12-19","35.90","","","","27.88","988.20","210.76"
"2016-12-19 10:00:00","2016-12-19","31.85","","","","29.91","988.44","208.66"
"2016-12-19 11:00:00","2016-12-19","32.99","","","","29.30","987.61","215.70"
"2016-12-19 12:00:00","2016-12-19","32.19","","","","29.93","987.22","219.00"
"2016-12-19 13:00:00","2016-12-19","30.40","","","","30.89","986.71","223.41"
"2016-12-19 14:00:00","2016-12-19","30.00","","","","30.96","986.21","227.57"
"2016-12-19 15:00:00","2016-12-19","28.67","","","","31.82","985.97","229.62"
"2016-12-19 16:00:00","2016-12-19","28.23","","","","32.02","985.79","231.01"
"2016-12-19 17:00:00","2016-12-19","27.05","","","","32.67","985.97","229.73"
"2016-12-19 18:00:00","2016-12-19","25.85","","","","32.95","986.92","221.47"
"2016-12-19 19:00:00","2016-12-19","25.69","","","","32.86","987.29","218.42"
"2016-12-19 20:00:00","2016-12-19","25.49","","","","32.79","987.67","215.22"
"2016-12-19 21:00:00","2016-12-19","25.55","","","","33.05","987.89","213.37"
"2016-12-19 22:00:00","2016-12-19","24.77","","","","33.69","988.09","211.61"
"2016-12-19 23:00:00","2016-12-19","24.50","","","","33.80","987.54","216.25"
"2016-12-20 00:00:00","2016-12-20","24.95","","","","33.86","987.19","219.20"
"2016-12-20 01:00:00","2016-12-20","24.89","","","","33.96","986.69","223.34"
"2016-12-20 02:00:00","2016-12-20","25.25","","","","33.80","986.57","224.56"
"2016-12-20 03:00:00","2016-12-20","24.38","","","","33.95","986.46","225.26"
"2016-12-20 04:00:00","2016-12-20","23.49","","","","33.80","986.46","225.54"
"2016-12-20 05:00:00","2016-12-20","23.37","","","","33.96","986.64","223.84"
"2016-12-20 06:00:00","2016-12-20","26.76","","","","32.48","986.75","222.94"
"2016-12-20 07:00:00","2016-12-20","37.34","","","","27.44","986.64","224.01"
"2016-12-20 08:00:00","2016-12-20","41.38","","","","26.05","986.57","224.37"
"2016-12-21 15:00:00","2016-12-21","31.14","","","","30.17","985.76","231.45"
"2016-12-21 16:00:00","2016-12-21","30.15","","","","30.93","985.92","230.07"
"2016-12-21 17:00:00","2016-12-21","29.13","","","","31.54","986.69","223.49"
"2016-12-21 18:00:00","2016-12-21","27.79","","","","32.13","986.89","221.65"
"2016-12-21 22:00:00","2016-12-21","23.83","","","","33.78","988.58","207.39"
"2016-12-21 23:00:00","2016-12-21","23.22","","","","33.96","988.55","207.67"
"2016-12-22 00:00:00","2016-12-22","22.84","","","","34.59","987.78","214.14"
"2016-12-22 01:00:00","2016-12-22","22.35","","","","34.75","987.01","220.76"
"2016-12-22 02:00:00","2016-12-22","21.97","","","","34.70","986.54","224.74"
"2016-12-22 03:00:00","2016-12-22","22.14","","","","34.84","986.68","223.61"
"2016-12-22 04:00:00","2016-12-22","22.46","","","","34.88","986.93","221.42"
"2016-12-22 05:00:00","2016-12-22","22.24","","","","34.91","987.17","219.49"
"2016-12-22 06:00:00","2016-12-22","25.09","","","","33.38","987.36","217.76"
"2016-12-22 07:00:00","2016-12-22","33.46","","","","29.25","987.44","217.18"
"2016-12-22 08:00:00","2016-12-22","38.76","","","","26.72","987.24","218.82"
"2016-12-22 09:00:00","2016-12-22","41.21","","","","25.63","986.92","221.43"
"2016-12-22 10:00:00","2016-12-22","37.31","","","","27.21","987.21","219.18"
"2016-12-22 11:00:00","2016-12-22","33.11","","","","29.16","986.93","221.57"
"2016-12-22 12:00:00","2016-12-22","35.08","","","","28.30","986.11","228.44"
"2016-12-22 13:00:00","2016-12-22","34.65","","","","28.47","985.04","237.62"
"2016-12-22 14:00:00","2016-12-22","34.76","","","","28.37","984.60","241.27"
"2016-12-22 15:00:00","2016-12-22","32.62","","","","29.89","984.54","241.79"
"2016-12-22 16:00:00","2016-12-22","30.78","0.89000","2.29000","315.00000","71.26","984.29","237.62"
"2016-12-22 17:00:00","2016-12-22","29.49","0.89000","2.29000","315.00000","78.16","984.63","232.67"
"2016-12-22 18:00:00","2016-12-22","28.46","0.89000","0.00000","315.00000","83.58","984.95","229.64"
"2016-12-22 19:00:00","2016-12-22","28.17","0.00000","0.00000","225.00000","84.93","985.43","225.73"
"2016-12-22 20:00:00","2016-12-22","27.76","0.00000","0.00000","315.00000","87.01","986.26","218.85"
"2016-12-22 21:00:00","2016-12-22","27.75","0.00000","0.00000","180.00000","86.67","986.93","212.96"
"2016-12-22 22:00:00","2016-12-22","27.59","0.00000","0.00000","180.00000","88.50","986.99","212.61"
"2016-12-22 23:00:00","2016-12-22","26.89","0.00000","0.00000","180.00000","89.88","986.56","216.53"
"2016-12-23 00:00:00","2016-12-23","26.63","0.00000","0.00000","180.00000","90.12","986.19","219.83"
"2016-12-23 01:00:00","2016-12-23","26.35","0.00000","0.00000","135.00000","90.11","985.83","222.97"
"2016-12-23 02:00:00","2016-12-23","26.07","0.00000","0.00000","135.00000","90.21","985.31","227.41"
"2016-12-23 03:00:00","2016-12-23","25.74","0.00000","0.00000","135.00000","89.79","984.73","232.43"
"2016-12-23 04:00:00","2016-12-23","22.99","","","","34.59","985.73","231.80"
"2016-12-23 05:00:00","2016-12-23","27.41","","","","32.33","985.05","237.47"
"2016-12-24 04:00:00","2016-12-24","23.90","","","","33.94","986.74","223.03"
"2016-12-24 05:00:00","2016-12-24","23.74","","","","33.93","987.58","215.93"
"2016-12-24 06:00:00","2016-12-24","28.22","","","","31.73","987.97","212.55"
"2016-12-24 07:00:00","2016-12-24","30.92","","","","30.52","988.87","204.98"
"2016-12-24 08:00:00","2016-12-24","30.43","","","","30.84","989.59","198.88"
"2016-12-24 09:00:00","2016-12-24","33.14","","","","29.32","989.19","202.24"
"2016-12-24 10:00:00","2016-12-24","34.47","","","","28.77","988.53","207.75"
"2016-12-24 11:00:00","2016-12-24","35.81","","","","27.53","987.51","216.45"
"2016-12-24 12:00:00","2016-12-24","33.10","","","","29.34","986.60","224.20"
"2016-12-24 13:00:00","2016-12-24","30.55","","","","30.61","985.89","230.43"
"2016-12-24 14:00:00","2016-12-24","30.94","","","","30.33","985.17","236.35"
"2016-12-24 15:00:00","2016-12-24","31.34","","","","30.11","985.01","237.82"
"2016-12-24 16:00:00","2016-12-24","30.37","","","","31.09","985.20","236.25"
"2016-12-24 17:00:00","2016-12-24","29.31","","","","31.30","985.69","232.02"
"2016-12-24 18:00:00","2016-12-24","28.05","","","","32.02","986.75","223.10"
"2016-12-24 19:00:00","2016-12-24","27.23","","","","32.68","987.32","218.21"
"2016-12-24 20:00:00","2016-12-24","26.66","","","","33.04","988.07","211.74"
"2016-12-24 21:00:00","2016-12-24","26.19","","","","33.04","988.07","211.85"
"2016-12-24 22:00:00","2016-12-24","25.53","","","","33.05","988.22","210.43"
"2016-12-24 23:00:00","2016-12-24","25.31","","","","33.12","987.93","212.91"
"2016-12-25 00:00:00","2016-12-25","24.85","","","","33.70","987.13","219.81"
"2016-12-25 01:00:00","2016-12-25","24.10","","","","33.95","986.59","224.39"
"2016-12-25 02:00:00","2016-12-25","23.61","","","","33.88","986.30","226.82"
"2016-12-25 03:00:00","2016-12-25","23.27","","","","34.04","986.40","226.02"
"2016-12-25 04:00:00","2016-12-25","23.10","","","","34.31","987.04","220.61"
"2016-12-25 05:00:00","2016-12-25","23.03","","","","34.43","987.97","212.69"
"2016-12-25 06:00:00","2016-12-25","25.95","","","","32.98","988.54","207.69"
"2016-12-25 07:00:00","2016-12-25","28.60","","","","31.60","989.33","201.07"
"2016-12-25 08:00:00","2016-12-25","30.79","","","","30.73","989.86","196.51"
"2016-12-25 09:00:00","2016-12-25","31.39","","","","30.42","990.29","192.75"
"2016-12-25 10:00:00","2016-12-25","32.37","","","","29.70","989.83","196.89"
"2016-12-25 11:00:00","2016-12-25","33.41","","","","29.37","989.55","199.06"
"2016-12-25 12:00:00","2016-12-25","33.27","","","","29.36","988.98","203.96"
"2016-12-25 13:00:00","2016-12-25","34.31","","","","28.86","988.19","210.79"
"2016-12-25 14:00:00","2016-12-25","30.76","","","","30.61","987.63","215.53"
"2016-12-25 15:00:00","2016-12-25","28.42","","","","31.95","987.21","219.13"
"2016-12-25 16:00:00","2016-12-25","28.38","","","","31.95","987.45","216.98"
"2016-12-25 17:00:00","2016-12-25","28.13","","","","32.02","987.76","214.30"
"2016-12-25 18:00:00","2016-12-25","27.12","","","","32.45","988.10","211.48"
"2016-12-25 19:00:00","2016-12-25","26.52","","","","33.09","988.70","206.40"
"2016-12-25 20:00:00","2016-12-25","25.92","","","","33.11","989.26","201.72"
"2016-12-25 21:00:00","2016-12-25","25.52","","","","33.07","989.35","200.98"
"2016-12-25 22:00:00","2016-12-25","25.23","","","","33.09","989.27","201.59"
"2016-12-26 19:00:00","2016-12-26","28.04","","","","31.91","987.94","212.89"
"2016-12-26 20:00:00","2016-12-26","27.07","","","","32.89","988.43","208.75"
"2016-12-26 21:00:00","2016-12-26","26.44","","","","33.14","988.54","207.83"
"2016-12-26 22:00:00","2016-12-26","26.12","","","","33.07","988.71","206.40"
"2016-12-26 23:00:00","2016-12-26","26.15","","","","33.11","989.13","202.79"
"2016-12-27 00:00:00","2016-12-27","25.73","","","","33.02","988.56","207.57"
"2016-12-27 01:00:00","2016-12-27","25.47","","","","33.14","988.06","211.74"
"2016-12-27 02:00:00","2016-12-27","25.05","","","","33.56","987.93","212.99"
"2016-12-27 03:00:00","2016-12-27","24.93","","","","33.79","987.55","216.26"
"2016-12-27 04:00:00","2016-12-27","24.79","","","","33.84","988.05","212.03"
"2016-12-27 05:00:00","2016-12-27","24.08","","","","43.90","988.65","206.88"
"2016-12-27 06:00:00","2016-12-27","25.90","","","","30.96","989.56","199.25"
"2016-12-27 07:00:00","2016-12-27","26.69","","","","54.65","989.71","197.95"
"2016-12-27 11:00:00","2016-12-27","31.19","0.45000","0.00000","315.00000","79.02","986.54",""
"2016-12-27 12:00:00","2016-12-27","32.10","0.45000","0.00000","315.00000","75.57","985.95",""
"2016-12-27 13:00:00","2016-12-27","31.83","0.45000","0.00000","315.00000","76.78","985.15",""
"2016-12-27 14:00:00","2016-12-27","32.08","0.45000","0.00000","315.00000","76.56","984.33",""
"2016-12-27 15:00:00","2016-12-27","31.96","0.45000","0.00000","315.00000","75.60","983.89",""
"2016-12-27 16:00:00","2016-12-27","30.90","0.45000","0.00000","315.00000","80.09","983.88",""
"2016-12-27 17:00:00","2016-12-27","30.00","0.00000","0.00000","315.00000","82.00","984.02",""
"2016-12-29 19:00:00","2016-12-29","27.78","0.00000","0.00000","0.00000","93.00","987.29",""
"2016-12-29 20:00:00","2016-12-29","27.78","0.00000","0.00000","0.00000","94.22","987.49",""
"2016-12-29 21:00:00","2016-12-29","27.53","0.00000","0.00000","135.00000","94.76","987.83",""
"2016-12-29 22:00:00","2016-12-29","27.22","0.00000","0.00000","135.00000","95.24","987.83",""
"2016-12-29 23:00:00","2016-12-29","26.73","0.00000","0.00000","135.00000","95.70","987.82",""
"2016-12-30 00:00:00","2016-12-30","26.64","0.00000","0.00000","135.00000","95.19","987.15",""
"2016-12-30 01:00:00","2016-12-30","26.42","0.00000","0.00000","135.00000","95.01","986.50",""
"2016-12-30 13:00:00","2016-12-30","29.65","0.00000","0.00000","225.00000","94.70","985.71",""
"2016-12-30 14:00:00","2016-12-30","30.01","0.45000","1.52000","315.00000","91.45","985.46",""
"2016-12-30 15:00:00","2016-12-30","27.78","0.45000","3.56000","315.00000","99.00","985.46",""
"2017-01-01 00:00:00","2017-01-01","26.06","0.00000","0.00000","135.00000","93.74","986.17",""
"2017-01-01 01:00:00","2017-01-01","25.78","0.00000","0.00000","135.00000","93.99","985.94",""
"2017-01-01 02:00:00","2017-01-01","25.75","0.00000","0.00000","135.00000","94.31","985.77",""
"2017-01-01 03:00:00","2017-01-01","25.55","0.00000","0.00000","135.00000","94.93","985.81",""
"2017-01-01 04:00:00","2017-01-01","25.18","0.00000","0.00000","135.00000","95.68","986.01",""
"2017-01-01 05:00:00","2017-01-01","25.35","0.00000","0.00000","135.00000","94.73","986.43",""
"2017-01-01 06:00:00","2017-01-01","27.02","0.00000","0.00000","135.00000","90.90","986.99",""
"2017-01-01 07:00:00","2017-01-01","28.68","0.00000","0.00000","180.00000","81.99","987.27",""
"2017-01-01 08:00:00","2017-01-01","29.84","0.45000","0.00000","315.00000","78.28","987.06",""
"2017-01-01 09:00:00","2017-01-01","31.38","0.45000","0.00000","315.00000","72.02","986.49",""
"2017-01-01 10:00:00","2017-01-01","32.22","0.45000","0.00000","315.00000","71.22","985.74",""
"2017-01-01 11:00:00","2017-01-01","32.82","0.45000","0.00000","315.00000","70.76","985.01",""
"2017-01-01 12:00:00","2017-01-01","34.52","0.00000","0.00000","315.00000","63.25","984.18",""
"2017-01-01 13:00:00","2017-01-01","34.64","0.45000","0.00000","315.00000","62.91","983.70",""
"2017-01-01 14:00:00","2017-01-01","34.47","0.45000","0.00000","315.00000","65.00","983.00",""
"2017-01-01 15:00:00","2017-01-01","31.01","1.34000","0.51000","315.00000","81.36","983.14",""
"2017-01-01 16:00:00","2017-01-01","28.55","1.34000","0.51000","315.00000","92.75","983.11",""
"2017-01-01 17:00:00","2017-01-01","29.86","0.45000","0.00000","315.00000","89.36","983.54",""
"2017-01-01 18:00:00","2017-01-01","29.14","0.45000","0.00000","225.00000","90.00","984.23",""
"2017-01-01 19:00:00","2017-01-01","28.08","0.45000","0.00000","315.00000","90.15","984.97",""
"2017-01-01 20:00:00","2017-01-01","27.90","0.45000","0.00000","225.00000","90.45","985.73",""
"2017-01-01 21:00:00","2017-01-01","27.68","0.45000","0.00000","315.00000","91.15","986.54",""
"2017-01-01 22:00:00","2017-01-01","27.18","0.00000","0.00000","180.00000","92.89","986.91",""
"2017-01-01 23:00:00","2017-01-01","26.62","0.00000","0.00000","225.00000","93.20","986.72",""
"2017-01-02 00:00:00","2017-01-02","26.18","0.00000","0.00000","225.00000","93.95","986.44",""
"2017-01-02 01:00:00","2017-01-02","25.63","0.00000","0.00000","135.00000","95.32","986.01",""
"2017-01-02 02:00:00","2017-01-02","25.47","0.00000","0.00000","135.00000","95.42","985.65",""
"2017-01-02 03:00:00","2017-01-02","25.21","0.00000","0.00000","90.00000","94.99","985.47",""
"2017-01-02 04:00:00","2017-01-02","24.89","0.00000","0.00000","90.00000","95.20","985.62",""
"2017-01-02 05:00:00","2017-01-02","24.33","0.00000","0.00000","90.00000","96.70","986.19",""
"2017-01-02 06:00:00","2017-01-02","24.96","0.00000","0.00000","90.00000","95.69","986.58",""
"2017-01-02 07:00:00","2017-01-02","26.78","0.00000","0.00000","225.00000","92.10","987.00",""
"2017-01-02 08:00:00","2017-01-02","28.48","0.00000","0.00000","315.00000","84.05","987.08",""
"2017-01-02 09:00:00","2017-01-02","29.71","0.45000","0.00000","315.00000","77.81","987.14",""
"2017-01-02 10:00:00","2017-01-02","31.68","0.45000","0.00000","315.00000","73.67","986.66",""
"2017-01-02 11:00:00","2017-01-02","32.52","1.34000","0.00000","315.00000","71.87","986.10",""
"2017-01-02 12:00:00","2017-01-02","30.88","1.34000","0.00000","315.00000","80.43","985.40",""
"2017-01-02 13:00:00","2017-01-02","31.31","0.45000","0.00000","315.00000","81.05","984.58",""
"2017-01-02 14:00:00","2017-01-02","31.94","0.89000","0.00000","315.00000","80.40","983.92",""
"2017-01-02 15:00:00","2017-01-02","30.92","0.00000","0.00000","315.00000","85.01","983.87",""
"2017-01-02 16:00:00","2017-01-02","30.67","0.00000","0.25000","315.00000","87.76","983.96",""
"2017-01-02 17:00:00","2017-01-02","29.61","0.00000","0.25000","180.00000","93.04","984.58",""
"2017-01-02 18:00:00","2017-01-02","29.13","0.00000","0.00000","180.00000","93.78","985.51",""
"2017-01-02 19:00:00","2017-01-02","28.70","0.00000","0.00000","180.00000","95.13","986.09",""
"2017-01-02 20:00:00","2017-01-02","28.13","0.00000","0.00000","180.00000","95.44","986.84",""
"2017-01-02 21:00:00","2017-01-02","27.78","0.00000","0.00000","180.00000","95.97","987.15",""
"2017-01-02 22:00:00","2017-01-02","27.64","0.00000","0.00000","180.00000","95.66","987.29",""
"2017-01-02 23:00:00","2017-01-02","26.93","0.00000","0.00000","180.00000","96.52","987.17",""
"2017-01-03 00:00:00","2017-01-03","26.64","0.00000","0.00000","180.00000","96.16","987.02",""
"2017-01-03 01:00:00","2017-01-03","26.43","0.00000","0.00000","225.00000","96.58","986.71",""
"2017-01-03 02:00:00","2017-01-03","26.43","0.00000","0.00000","225.00000","96.08","986.29",""
"2017-01-03 03:00:00","2017-01-03","26.05","0.00000","0.00000","225.00000","96.52","986.25",""
"2017-01-03 04:00:00","2017-01-03","25.94","0.00000","0.00000","225.00000","97.16","986.42",""
"2017-01-03 05:00:00","2017-01-03","26.05","0.00000","0.00000","225.00000","94.42","986.44",""
"2017-01-03 06:00:00","2017-01-03","26.42","0.00000","0.00000","135.00000","94.42","986.69",""
"2017-01-03 07:00:00","2017-01-03","27.80","0.45000","0.25000","180.00000","92.06","986.96",""
"2017-01-03 08:00:00","2017-01-03","29.90","0.00000","0.25000","225.00000","84.65","987.09",""
"2017-01-03 09:00:00","2017-01-03","30.49","0.45000","0.00000","315.00000","82.56","986.67",""
"2017-01-03 10:00:00","2017-01-03","32.02","0.45000","0.00000","315.00000","72.45","986.14",""
"2017-01-03 11:00:00","2017-01-03","32.84","0.89000","0.00000","315.00000","69.65","985.05",""
"2017-01-03 12:00:00","2017-01-03","33.17","0.89000","0.00000","315.00000","66.20","984.04",""
"2017-01-03 13:00:00","2017-01-03","33.74","0.89000","0.00000","315.00000","65.56","983.93",""
"2017-01-03 14:00:00","2017-01-03","33.63","1.34000","0.00000","315.00000","64.38","983.50",""
"2017-01-03 15:00:00","2017-01-03","33.58","0.45000","0.00000","315.00000","65.89","983.24",""
"2017-01-03 16:00:00","2017-01-03","31.97","0.45000","0.00000","315.00000","73.22","983.23",""
"2017-01-03 17:00:00","2017-01-03","31.21","0.45000","0.00000","315.00000","76.49","983.52",""
"2017-01-03 18:00:00","2017-01-03","29.88","0.45000","0.00000","315.00000","86.72","984.63",""
"2017-01-03 19:00:00","2017-01-03","29.18","0.45000","0.00000","315.00000","91.41","985.22",""
"2017-01-03 20:00:00","2017-01-03","29.38","0.00000","0.00000","225.00000","91.98","985.81",""
"2017-01-03 21:00:00","2017-01-03","29.11","0.00000","0.00000","225.00000","92.00","986.28",""
"2017-01-03 22:00:00","2017-01-03","28.85","0.00000","0.00000","225.00000","92.20","986.41",""
"2017-01-03 23:00:00","2017-01-03","28.70","0.00000","0.00000","225.00000","93.34","986.11",""
"2017-01-04 00:00:00","2017-01-04","28.30","0.00000","0.00000","225.00000","93.32","985.52",""
"2017-01-04 01:00:00","2017-01-04","28.07","0.00000","0.00000","225.00000","93.16","984.62",""
"2017-01-04 02:00:00","2017-01-04","27.80","0.00000","0.00000","225.00000","94.11","984.34",""
"2017-01-04 03:00:00","2017-01-04","27.44","0.00000","0.00000","315.00000","95.58","984.10",""
"2017-01-04 04:00:00","2017-01-04","26.34","0.45000","17.78000","315.00000","95.79","984.84",""
"2017-01-04 05:00:00","2017-01-04","23.62","0.45000","32.51000","315.00000","99.00","986.01",""
"2017-01-04 06:00:00","2017-01-04","23.20","0.00000","17.02000","315.00000","99.00","987.08",""
"2017-01-04 07:00:00","2017-01-04","24.31","0.00000","9.14000","180.00000","99.00","987.29",""
"2017-01-04 08:00:00","2017-01-04","25.72","0.00000","4.06000","180.00000","99.00","987.35",""
"2017-01-04 09:00:00","2017-01-04","27.38","0.00000","0.51000","315.00000","98.63","986.83",""
"2017-01-04 10:00:00","2017-01-04","29.31","0.00000","0.00000","315.00000","92.31","986.23",""
"2017-01-04 11:00:00","2017-01-04","30.11","0.45000","0.00000","315.00000","88.59","986.56",""
"2017-01-04 12:00:00","2017-01-04","29.99","0.45000","0.00000","315.00000","88.76","985.95",""
"2017-01-04 13:00:00","2017-01-04","30.93","0.45000","0.00000","315.00000","85.98","985.36",""
"2017-01-05 07:00:00","2017-01-05","26.80","0.00000","0.00000","45.00000","98.80","986.69",""
"2017-01-05 08:00:00","2017-01-05","28.23","0.00000","0.00000","90.00000","95.32","987.12",""
"2017-01-05 09:00:00","2017-01-05","30.02","0.00000","0.00000","315.00000","90.91","987.06",""
"2017-01-05 10:00:00","2017-01-05","30.37","0.45000","0.00000","315.00000","89.14","986.95",""
"2017-01-05 11:00:00","2017-01-05","29.87","0.45000","0.00000","315.00000","92.82","986.33",""
"2017-01-05 12:00:00","2017-01-05","31.58","0.00000","0.00000","90.00000","87.34","985.72",""
"2017-01-06 15:00:00","2017-01-06","31.00","0.45000","0.00000","315.00000","90.03","981.88",""
"2017-01-06 16:00:00","2017-01-06","30.91","0.45000","0.00000","315.00000","90.33","982.11",""
"2017-01-06 17:00:00","2017-01-06","30.56","0.45000","0.00000","315.00000","89.98","982.55",""
"2017-01-07 22:00:00","2017-01-07","26.67","0.00000","0.00000","135.00000","94.90","986.18",""
"2017-01-07 23:00:00","2017-01-07","26.49","0.00000","0.00000","135.00000","95.68","985.74",""
"2017-01-08 00:00:00","2017-01-08","26.11","0.00000","0.00000","135.00000","95.36","985.17",""
"2017-01-09 00:00:00","2017-01-09","26.11","0.00000","0.00000","45.00000","96.40","984.00",""
"2017-01-09 01:00:00","2017-01-09","26.46","0.00000","0.00000","315.00000","95.23","983.90",""
"2017-01-09 02:00:00","2017-01-09","26.67","0.00000","0.00000","90.00000","95.27","983.77",""
"2017-01-09 03:00:00","2017-01-09","26.67","0.00000","0.00000","45.00000","95.78","983.60",""
"2017-01-10 05:00:00","2017-01-10","25.56","0.00000","0.00000","180.00000","99.00","985.55",""
"2017-01-10 06:00:00","2017-01-10","25.60","0.00000","0.25000","180.00000","99.00","986.09",""
"2017-01-10 07:00:00","2017-01-10","26.72","0.00000","0.25000","180.00000","99.00","986.65",""
"2017-01-11 08:00:00","2017-01-11","28.66","0.00000","0.25000","315.00000","99.00","988.27",""
"2017-01-11 09:00:00","2017-01-11","29.82","0.45000","0.25000","315.00000","98.55","988.31",""
"2017-01-11 10:00:00","2017-01-11","31.48","0.89000","0.00000","315.00000","91.10","987.92",""
"2017-01-12 20:00:00","2017-01-12","27.78","0.00000","0.25000","135.00000","99.00","988.20",""
"2017-01-13 05:00:00","2017-01-13","26.11","0.00000","0.00000","0.00000","99.00","985.71",""
